Workbook

Sheet One Pager
A3: Safety Dashboard - Week 2 - Date #-#-##
A8: Total Incidents | D8: Total Unsafe Act | G8: Total NCR | J8: Weekley Safe - Hours | M8: Cumulative Safe - Hours
A9: =B69 -> 23 | D9: =B70 -> 82 | G9: =B71 -> 16 | J9: =B72 -> 1350 | M9: =B73 -> 7670
A16: Tool Box Talk | D16: HSE Induction | L16: Major Safety Incident -This Week
A17: ='Safety Hours'!D11 -> 7 | D17: ='Safety Hours'!D12 -> 2 | L17: Working without Rope > 3m
A19: This Week | D19: This Week
A20: ='Safety Hours'!E11 -> 39 | D20: ='Safety Hours'!E12 -> 19
A22: Cumulative | D22: Cumulative
M29: Safety Mantra - Week #
M34: " No Job is so Difficult that we cannot do it Safely"
A69: Total Site Instruction | B69: =COUNT('Site Instruction'!A10:A318) -> 23
A70: Total Unsafe Act | B70: =COUNT('Unsafe Act Summary'!A10:A320) -> 82
A71: Total NCR | B71: =COUNT('NCR Summary'!A10:A300) -> 16
A72: Weekley Safe Man Hours | B72: ='Safety Hours'!D9 -> 1350
A73: Total Safe man Hours | B73: ='Safety Hours'!C9 -> 7670
A78: Sr.No | B78: Observation | C78: Open | D78: Closed
A79: 1 | B79: Site instruction | C79: =COUNTIF('Site Instruction'!I10:I320,"Open") -> 6 | D79: =COUNTIF('Site Instruction'!I10:I320,"Closed") -> 17
A80: 2 | B80: Unsafe Act | C80: =COUNTIF('Unsafe Act Summary'!I10:I320,"Open") -> 39 | D80: =COUNTIF('Unsafe Act Summary'!I10:I320,"Closed") -> 43
A81: 3 | B81: NCR | C81: =COUNTIF('NCR Summary'!I10:I321,"Open") -> 11 | D81: =COUNTIF('NCR Summary'!I11:I321,"Closed") -> 5
A83: Sr.No | B83: Observation | C83: Open | D83: Closed
A84: 1 | B84: Unsafe Act | C84: =COUNTIF('Unsafe Act Summary'!I10:I320,"Open") -> 39 | D84: =COUNTIF('Unsafe Act Summary'!I10:I320,"Closed") -> 43
A86: Sr.No | B86: Observation | C86: Open | D86: Closed
A87: 1 | B87: NCR | C87: =COUNTIF('NCR Summary'!I10:I327,"Open") -> 11 | D87: =COUNTIF('NCR Summary'!I10:I327,"Closed") -> 5

Sheet Site Instruction
A1: Site Instruction Report
A2: Name of Project | C2: Safari Industrial Project at Halol GIDC
A3: Name of Client | C3: Safari India Pvt. Ltd.
A4: Principle Consultant | C4: Sharnam Project Development Consultant
A5: PMC | C5: Sharnam Project Development Consultant
A6: Vendor | C6: Shapoorji Pallonji Construction Pvt. Ltd. | J6: Updated On:
A7: Report No | C7: Safari-Safety Instruction-Sharnam-001 | I7: Total Open | J7: =COUNTIF(I10:I600,"Open") -> 6 | K7: Total Closed | L7: =COUNTIF(I10:I600,"Closed") -> 17
A9: S. No | B9: Location | C9: Issued by | D9: Issued to | E9: Issued on | F9: Brief Description | G9: category | H9: Action taken | I9: Status | J9: Time Impact (Y/N) | K9: Cost Impact (Y/N) | L9: Remarks | AT9: Yes | AV9: Open
A10: 1 | B10: Building A | C10: Sharnam PMC | D10: Shapoorji | E10: 46006 | F10: Unsafe bar bending work observded also working at height, without safety belt, working platform or hand rail. | G10: Working at Height | H10: 45644 | I10: Closed | J10: Yes | K10: Yes | AT10: No | AV10: Closed
A11: 2 | B11: Building B | C11: Sharnam PMC | D11: Shapoorji | E11: 46007 | F11: in the pit, this is totally unsafe condition to work for workeres. Injury or incident can be happen. | G11: Working in Pit | H11: 45645 | I11: Closed | J11: Yes | K11: Yes
A12: 3 | B12: Building A | C12: Sharnam PMC | D12: Shapoorji | E12: 46008 | F12: Material is not stacked properly itemwise. | G12: Material | H12: 45646 | I12: Closed | J12: Yes | K12: Yes
A13: 4 | B13: Building B | C13: Sharnam PMC | D13: Shapoorji | E13: 46009 | F13: It has been noted that the scaffolding is not rested on the proper land | G13: Material | I13: Open | J13: No | K13: No
A14: 5 | B14: Building A | C14: Sharnam PMC | D14: Shapoorji | E14: 46010 | F14: Unsafe bar bending work observded also working at height, without safety belt, working platform or hand rail. | G14: Working at Height | H14: 45647 | I14: Closed | J14: Yes | K14: Yes
A15: 6 | B15: Building B | C15: Sharnam PMC | D15: Shapoorji | E15: 46011 | F15: in the pit, this is totally unsafe condition to work for workeres. Injury or incident can be happen. | G15: Working in Pit | H15: 45648 | I15: Open | J15: Yes | K15: Yes
A16: 7 | B16: Building A | C16: Sharnam PMC | D16: Shapoorji | E16: 46012 | F16: Material is not stacked properly itemwise. | G16: Material | H16: 45649 | I16: Closed | J16: Yes | K16: Yes
A17: 8 | B17: Building B | C17: Sharnam PMC | D17: Shapoorji | E17: 46013 | F17: It has been noted that the scaffolding is not rested on the proper land | G17: Material | I17: Open | J17: No | K17: No
A18: 9 | B18: Building A | C18: Sharnam PMC | D18: Shapoorji | E18: 46014 | F18: Unsafe bar bending work observded also working at height, without safety belt, working platform or hand rail. | G18: Working at Height | H18: 45650 | I18: Closed | J18: Yes | K18: Yes
A19: 10 | B19: Building B | C19: Sharnam PMC | D19: Shapoorji | E19: 46015 | F19: in the pit, this is totally unsafe condition to work for workeres. Injury or incident can be happen. | G19: Working in Pit | H19: 45651 | I19: Closed | J19: Yes | K19: Yes
A20: 11 | B20: Building A | C20: Sharnam PMC | D20: Shapoorji | E20: 46016 | F20: Material is not stacked properly itemwise. | G20: Material | H20: 45652 | I20: Closed | J20: Yes | K20: Yes
A21: 12 | B21: Building B | C21: Sharnam PMC | D21: Shapoorji | E21: 46017 | F21: It has been noted that the scaffolding is not rested on the proper land | G21: Material | I21: Open | J21: No | K21: No
A22: 13 | B22: Building A | C22: Sharnam PMC | D22: Shapoorji | E22: 46018 | F22: Unsafe bar bending work observded also working at height, without safety belt, working platform or hand rail. | G22: Working at Height | H22: 45653 | I22: Closed | J22: Yes | K22: Yes
A23: 14 | B23: Building B | C23: Sharnam PMC | D23: Shapoorji | E23: 46019 | F23: in the pit, this is totally unsafe condition to work for workeres. Injury or incident can be happen. | G23: Working in Pit | H23: 45654 | I23: Closed | J23: Yes | K23: Yes
A24: 15 | B24: Building A | C24: Sharnam PMC | D24: Shapoorji | E24: 46020 | F24: Material is not stacked properly itemwise. | G24: Material | H24: 45655 | I24: Closed | J24: Yes | K24: Yes
A25: 16 | B25: Building B | C25: Sharnam PMC | D25: Shapoorji | E25: 46021 | F25: It has been noted that the scaffolding is not rested on the proper land | G25: Material | I25: Open | J25: No | K25: No
A26: 17 | B26: Building A | C26: Sharnam PMC | D26: Shapoorji | E26: 46022 | F26: Unsafe bar bending work observded also working at height, without safety belt, working platform or hand rail. | G26: Working at Height | H26: 45656 | I26: Closed | J26: Yes | K26: Yes
A27: 18 | B27: Building B | C27: Sharnam PMC | D27: Shapoorji | E27: 46023 | F27: in the pit, this is totally unsafe condition to work for workeres. Injury or incident can be happen. | G27: Working in Pit | H27: 45657 | I27: Closed | J27: Yes | K27: Yes
A28: 19 | B28: Building A | C28: Sharnam PMC | D28: Shapoorji | E28: 46024 | F28: Material is not stacked properly itemwise. | G28: Material | H28: 45658 | I28: Closed | J28: Yes | K28: Yes
A29: 20 | B29: Building B | C29: Sharnam PMC | D29: Shapoorji | E29: 46025 | F29: It has been noted that the scaffolding is not rested on the proper land | G29: Material | I29: Open | J29: No | K29: No
A30: 21 | B30: Building A | C30: Sharnam PMC | D30: Shapoorji | E30: 46026 | F30: Unsafe bar bending work observded also working at height, without safety belt, working platform or hand rail. | G30: Working at Height | H30: 45659 | I30: Closed | J30: Yes | K30: Yes
A31: 22 | B31: Building B | C31: Sharnam PMC | D31: Shapoorji | E31: 46027 | F31: in the pit, this is totally unsafe condition to work for workeres. Injury or incident can be happen. | G31: Working in Pit | H31: 45660 | I31: Closed | J31: Yes | K31: Yes
A32: 23 | B32: Building A | C32: Sharnam PMC | D32: Shapoorji | E32: 46028 | F32: Material is not stacked properly itemwise. | G32: Material | H32: 45661 | I32: Closed | J32: Yes | K32: Yes

Sheet Unsafe Act Summary
A1: Unsafe Act Summary
A2: Name of Project | C2: Safari Industrial Project at Halol GIDC
A3: Name of Client | C3: Safari India Pvt. Ltd.
A4: Principle Consultant | C4: Sharnam Project Development Consultant
A5: PMC | C5: Sharnam Project Development Consultant
A6: Vendor | C6: Shapoorji Pallonji Construction Pvt. Ltd. | J6: Updated On:
A7: Report No | C7: Safari-Safety Observation Unsafe Act-Sharnam-001 | I7: Total Open | J7: =COUNTIF(I10:I529,"Open") -> 39 | K7: Total Closed | L7: =COUNTIF(I10:I529,"Closed") -> 43
A9: S. No | B9: Location | C9: Issued By | D9: Issued To | E9: Issued On | F9: Brief Description | G9: Category | H9: Action Taken | I9: Status | J9: Time Impact (Y/N) | K9: Cost Impact (Y/N) | L9: Remarks
A10: 1 | B10: Building A | C10: Sharnam PMC | D10: Shapoorji | E10: 46006 | F10: Unsafe Act at Excavation | G10: Working in Pit | H10: Closed the work | I10: Open | J10: No | K10: No
A11: 2 | B11: Building B | C11: Sharnam PMC | D11: Shapoorji | E11: 46007 | F11: Unsafe Act at 5th floor | G11: PPE kit | H11: Provided PPE kit to Worker | I11: Closed | J11: Yes | K11: Yes
A12: 3 | B12: Building A | C12: Sharnam PMC | D12: Shapoorji | E12: 46008 | F12: Unsafe Act at Excavation | G12: Working in Pit | H12: Closed the work | I12: Open | J12: No | K12: No
A13: 4 | B13: Building B | C13: Sharnam PMC | D13: Shapoorji | E13: 46009 | F13: Unsafe Act at 5th floor | G13: PPE kit | H13: Provided PPE kit to Worker | I13: Closed | J13: Yes | K13: Yes
A14: 5 | B14: Building A | C14: Sharnam PMC | D14: Shapoorji | E14: 46010 | F14: Unsafe Act at Excavation | G14: Working in Pit | H14: Closed the work | I14: Open | J14: No | K14: No
A15: 6 | B15: Building B | C15: Sharnam PMC | D15: Shapoorji | E15: 46011 | F15: Unsafe Act at 5th floor | G15: PPE kit | H15: Provided PPE kit to Worker | I15: Closed | J15: Yes | K15: Yes
A16: 7 | B16: Building A | C16: Sharnam PMC | D16: Shapoorji | E16: 46012 | F16: Unsafe Act at Excavation | G16: Working in Pit | H16: Closed the work | I16: Open | J16: No | K16: No
A17: 8 | B17: Building B | C17: Sharnam PMC | D17: Shapoorji | E17: 46013 | F17: Unsafe Act at 5th floor | G17: PPE kit | H17: Provided PPE kit to Worker | I17: Closed | J17: Yes | K17: Yes
A18: 9 | B18: Building A | C18: Sharnam PMC | D18: Shapoorji | E18: 46014 | F18: Unsafe Act at Excavation | G18: Working in Pit | H18: Closed the work | I18: Open | J18: No | K18: No
A19: 10 | B19: Building B | C19: Sharnam PMC | D19: Shapoorji | E19: 46015 | F19: Unsafe Act at 5th floor | G19: PPE kit | H19: Provided PPE kit to Worker | I19: Open | J19: Yes | K19: Yes
A20: 11 | B20: Building A | C20: Sharnam PMC | D20: Shapoorji | E20: 46016 | F20: Unsafe Act at Excavation | G20: Working in Pit | H20: Closed the work | I20: Open | J20: No | K20: No
A21: 12 | B21: Building B | C21: Sharnam PMC | D21: Shapoorji | E21: 46017 | F21: Unsafe Act at 5th floor | G21: PPE kit | H21: Provided PPE kit to Worker | I21: Open | J21: Yes | K21: Yes
... A91: 82 | B91: Building B | C91: Sharnam PMC | D91: Shapoorji | E91: 46087 | F91: Unsafe Act at 5th floor | G91: PPE kit | H91: Provided PPE kit to Worker | I91: Closed | J91: Yes | K91: Yes

Sheet NCR Summary
A1: NCR Summary
A2: Name of Project | C2: Safari Industrial Project at Halol GIDC
A3: Name of Client | C3: Safari India Pvt. Ltd.
A4: Principle Consultant | C4: Sharnam Project Development Consultant
A5: PMC | C5: Sharnam Project Development Consultant
A6: Vendor | C6: Shapoorji Pallonji Construction Pvt. Ltd. | J6: Updated On:
A7: Report No | C7: Safari-Safety Observation Unsafe Act-Sharnam-001 | I7: Total Open | J7: =COUNTIF(I10:I529,"Open") -> 11 | K7: Total Closed | L7: =COUNTIF(I10:I529,"Closed") -> 5
A9: S. No | B9: Location | C9: Issued By | D9: Issued To | E9: Issued On | F9: Brief Description | G9: NC Category | H9: Action Taken by PMC | I9: Status | J9: Time Impact (Days) | K9: Cost Impact (INR) | L9: Remarks
A10: 1 | B10: Building A | C10: Sharnam PMC | D10: Shapoorji | E10: 46006 | F10: Unsafe Act at Excavation | G10: Near Miss | H10: Closed the work | I10: Open | J10: No | K10: No
A11: 2 | B11: Building B | C11: Sharnam PMC | D11: Shapoorji | E11: 46007 | F11: Unsafe Act at 5th floor | G11: Harassment | H11: Provided PPE kit to Worker | I11: Closed | J11: Yes | K11: Yes
A12: 3 | B12: Building A | C12: Sharnam PMC | D12: Shapoorji | E12: 46008 | F12: Unsafe Act at Excavation | G12: Psychological | H12: Closed the work | I12: Open | J12: No | K12: No
A13: 4 | B13: Building B | C13: Sharnam PMC | D13: Shapoorji | E13: 46009 | F13: Unsafe Act at 5th floor | G13: Illness | H13: Provided PPE kit to Worker | I13: Closed | J13: Yes | K13: Yes
A14: 5 | B14: Building A | C14: Sharnam PMC | D14: Shapoorji | E14: 46010 | F14: Unsafe Act at Excavation | G14: Injury | H14: Closed the work | I14: Open | J14: No | K14: No
A15: 6 | B15: Building B | C15: Sharnam PMC | D15: Shapoorji | E15: 46011 | F15: Unsafe Act at 5th floor | G15: Near Miss | H15: Provided PPE kit to Worker | I15: Closed | J15: Yes | K15: Yes
A16: 7 | B16: Building A | C16: Sharnam PMC | D16: Shapoorji | E16: 46012 | F16: Unsafe Act at Excavation | G16: Harassment | H16: Closed the work | I16: Open | J16: No | K16: No
A17: 8 | B17: Building B | C17: Sharnam PMC | D17: Shapoorji | E17: 46013 | F17: Unsafe Act at 5th floor | G17: Psychological | H17: Provided PPE kit to Worker | I17: Closed | J17: Yes | K17: Yes
A18: 9 | B18: Building A | C18: Sharnam PMC | D18: Shapoorji | E18: 46014 | F18: Unsafe Act at Excavation | G18: Illness | H18: Closed the work | I18: Open | J18: No | K18: No
A19: 10 | B19: Building B | C19: Sharnam PMC | D19: Shapoorji | E19: 46015 | F19: Unsafe Act at 5th floor | G19: Injury | H19: Provided PPE kit to Worker | I19: Open | J19: Yes | K19: Yes
A20: 11 | B20: Building A | C20: Sharnam PMC | D20: Shapoorji | E20: 46016 | F20: Unsafe Act at Excavation | G20: Near Miss | H20: Closed the work | I20: Open | J20: No | K20: No
A21: 12 | B21: Building B | C21: Sharnam PMC | D21: Shapoorji | E21: 46017 | F21: Unsafe Act at 5th floor | G21: Harassment | H21: Provided PPE kit to Worker | I21: Open | J21: Yes | K21: Yes
... A25: 16 | B25: Building B | C25: Sharnam PMC | D25: Shapoorji | E25: 46021 | F25: Unsafe Act at 5th floor | G25: Near Miss | H25: Provided PPE kit to Worker | I25: Closed | J25: Yes | K25: Yes

Sheet Safety Hours
A1: Safe Hours Summary
A2: Name of Project | C2: Safari Industrial Project at Halol GIDC
A3: Name of Client | C3: Safari India Pvt. Ltd.
A4: Principle Consultant | C4: Sharnam Project Development Consultant
A5: PMC | C5: Sharnam Project Development Consultant
A6: Vendor | C6: Shapoorji Pallonji Construction Pvt. Ltd. | G6: Updated On:
A7: Report No | C7: Safari-Safety Observation Unsafe Act-Sharnam-001 | F7: Project Start Date | G7: 45992 | H7: Last Accident Date | I7: 46019 | J7: =I7-G7 -> 27
A8: Sr.No | B8: HSE indicators | C8: Up to Previous Week (PW) | D8: Current Week (CW) | E8: Cumulative
A9: 1 | B9: Safe-manhours | C9: 7670 | D9: =150*9 -> 1350 | E9: =C9+D9 -> 9020
A10: 2 | B10: Safe-man-days | C10: 20 | D10: 7 | E10: =C10+D10 -> 27
A11: 3 | B11: Toolbox Talk | C11: 32 | D11: 7 | E11: =D11+C11 -> 39
A12: 4 | B12: HSE induction | C12: 17 | D12: 2 | E12: =D12+C12 -> 19
A13: 5 | B13: HSE trainings | C13: 4 | D13: 0 | E13: =D13+C13 -> 4
A14: 6 | B14: Reported Incident/Accident | C14: 1 | D14: 0 | E14: =D14+C14 -> 1
A15: 7 | B15: Site safety Instructions | C15: 91 | D15: 5 | E15: =D15+C15 -> 96
A16: 8 | B16: NCN Raised | C16: 2 | D16: 0 | E16: =D16+C16 -> 2
A17: 9 | B17: SOR Raised | C17: 0 | D17: 0 | E17: =D17+C17 -> 0
A18: 10 | B18: FAC | C18: 0 | D18: 0 | E18: =D18+C18 -> 0
A19: 11 | B19: Near Miss | C19: 2 | D19: 0 | E19: =D19+C19 -> 2
A28: Sr.No | B28: HSE indicators | C28: Up to Previous Week (PW) | D28: Current Week (CW) | E28: Cumulative
A29: 1 | B29: Safe-manhours | C29: 76704 | D29: =649*8 -> 5192 | E29: =D29+C29 -> 81896
A30: 2 | B30: Safe-man-days | C30: 140 | D30: 7 | E30: =D30+C30 -> 147
A31: 3 | B31: Toolbox Talk | C31: 32 | D31: 2 | E31: =D31+C31 -> 34
A32: 4 | B32: HSE induction | C32: 17 | D32: 0 | E32: =D32+C32 -> 17
A33: 5 | B33: HSE trainings | C33: 4 | D33: 0 | E33: =D33+C33 -> 4
A34: 6 | B34: Reported Incident/Accident | C34: 0 | D34: 0 | E34: =D34+C34 -> 0
A35: 7 | B35: Site safety Instructions | C35: 91 | D35: 5 | E35: =D35+C35 -> 96
A36: 8 | B36: NCN Raised | C36: 2 | D36: 0 | E36: =D36+C36 -> 2
A37: 9 | B37: SOR Raised | C37: 0 | D37: 0 | E37: =D37+C37 -> 0
A38: 10 | B38: FAC | C38: 0 | D38: 0 | E38: =D38+C38 -> 0
A39: 11 | B39: Near Miss | C39: 2 | D39: 0 | E39: =D39+C39 -> 2
A42: Sr.No | B42: HSE indicators | C42: Up to Previous Week (PW) | D42: Current Week (CW) | E42: Cumulative

Sheet NCR
A1: Site Safety Non Conformity Report
A2: Name of Project | C2: Safari Industrial Project at Halol GIDC
A3: Name of Client | C3: Safari India Pvt. Ltd.
A4: Principle Consultant | C4: Sharnam Project Development Consultant
A5: PMC | C5: Sharnam Project Development Consultant
A6: Vendor | C6: Shapoorji Pallonji Construction Pvt. Ltd. | J6: Updated On:
A7: NCR No | C7: Safari-Safety NCR-Sharnam-001
A8: Non-Conformity Safety Details
A9: Activity/Task | C9: [E.g., Excavation, Lifting, Electrical Work]
A10: Non-Conformity Description | C10: [Detailed explanation of the unsafe condition or action observed]
A11: Category | C11: [E.g., Working at Heights, PPE Non-Compliance, Housekeeping, Electrical Hazard, etc.]
A12: Observed Risk Level | C12: FALSE | D12: Low | F12: FALSE | G12: Medium | I12: FALSE | J12: High
A13: Photos/Attachments | C13: [Attach relevant photos, sketches, or supporting documents]
A15: Root Cause Analysis
A16: Root Cause | C16: [E.g., Lack of training, inadequate supervision, poor planning, defective equipment, etc.]
A17: Contributing Factors | C17: [Other issues that may have led to the non-conformity]
A18: Corrective Actions
A19: Immediate Action Taken | C19: [Steps taken immediately to mitigate the risk or resolve the issue]
A20: Long-Term Corrective Action | C20: [Preventive measures to ensure the issue doesn’t reoccur]
A21: Responsible Party | C21: [Name or department responsible for corrective actions]
A22: Target Completion Date | C22: [DD/MM/YYYY]
A23: Impact Assessment
A24: Time Impact (Y/N) | C24: [Yes/No, specify the extent of delay if applicable]
A25: Cost Impact (Y/N) | C25: [Yes/No, specify the estimated cost impact if applicable]
A26: Follow-Up and Close-Out
A27: Follow-Up Date | C27: [DD/MM/YYYY]
A28: Status | C28: FALSE | D28: Open
C29: FALSE | D29: In Progress
C30: FALSE | D30: Closed
A31: Prepared By | C31: Name: ______________
C32: Signature: ____________
A33: Reviewed By | C33: Name: ______________
C34: Signature: ____________ (Safety Officer)
A35: Approved By | C35: Name: ______________
C36: Signature: ____________ (Project Manager)

Sheet Observation - Unsafe Act
A1: Site Unsafe Act Report
A2: Name of Project | C2: Safari Industrial Project at Halol GIDC
A3: Name of Client | C3: Safari India Pvt. Ltd.
A4: Principle Consultant | C4: Sharnam Project Development Consultant
A5: PMC | C5: Sharnam Project Development Consultant
A6: Vendor | C6: Shapoorji Pallonji Construction Pvt. Ltd. | J6: Updated On:
A7: Report No | C7: Safari-Safety Observation Unsafe Act-Sharnam-001
A9: Unsafe Act Details
A10: Type of Unsafe Act | C10: FALSE | D10: Working at height
C11: FALSE | D11: Improper tool use
C12: FALSE | D12: Non-compliance with PPE
C13: FALSE | D13: Poor housekeeping
C14: FALSE | D14: Electrical hazards
C15: FALSE | D15: Others: [Specify]
A16: Description | C16: [Brief details of the unsafe act, including location and task being performed.]
A17: Location | C17: Building A
A18: Actions & Evidence
A19: Immediate Action Taken | C19: [E.g., Stopped work, provided PPE, isolated the hazard.]
A20: Responsible Person | C20: [Name & Role]
A21: Photos/Sketches | C21: [Attach if available]
A22: Witnesses | C22: [List of any witnesses with roles]
A23: Risk & Recommendations
A24: Risk Level | C24: FALSE | D24: Low
C25: FALSE | D25: Medium
C26: FALSE | D26: High
A27: Consequences | C27: [Injury, fatality, equipment damage, project delay, etc.]
A28: Corrective Measures | C28: [Long-term actions like training, new procedures, or equipment repair.]
A29: Responsible Person/Dept. | C29: [Name or department]
A30: Deadline | C30: [Specify timeline for rectification]
A31: Follow-Up & Approvals
A32: Follow-Up Date | C32: [DD/MM/YYYY]
A33: Status | C33: FALSE | D33: Open
C34: FALSE | D34: In Progress
C35: FALSE | D35: Closed
A36: Prepared By | C36: Name: ______________
C37: Signature: ____________
A38: Reviewed By | C38: Name: ______________
C39: Signature: ____________ (Safety Officer)
A40: Approved By | C40: Name: ______________
C41: Signature: ____________ (Project Manager)

Sheet HIRA 
A1: #VALUE! | C1: Hazard Identification & Risk Assessment
C2: Sharnam Project Development Consultants | N2: ID No :
N3: Revision :
A4: Name of Project: Safari Industrial Plant | D4: Location: Halol GIDC | F4: Activity: Execution | J4: Approved By: | N4: Date:
A5: Sr. No. | B5: Activity | C5: Risk ID | D5: Hazard | E5: Consequence | F5: Legal Concerns (Y/N) | G5: Risk Analysis | J5: Control Measure | K5: Residual Risk | N5: Remarks if any
G6: Probability | H6: Impact | I6: Severity | K6: Probability | L6: Impact | M6: Severity
A7: A | B7: Person working too close to the edge of excavationn | C7: A1 | D7: Fall of person into excavation | E7: Major Injury | F7: Yes | G7: 3 | H7: 3 | I7: =G7*H7 -> 9 | J7: Barricading shall be provided. | K7: 2 | L7: 3 | M7: =K7*L7 -> 6
A8: B | B8: Improper house-keeping | C8: B1 | D8: Injury to personnel working near-by | E8: Minor Injury | F8: No | G8: 3 | H8: 2 | I8: =G8*H8 -> 6 | J8: Proper house keeping shall be maintained | K8: 2 | L8: 2 | M8: =K8*L8 -> 4
A9: C | B9: Concreting | C9: C1 | D9: Earthing of vibrators not done | E9: Can Cause short circuit | F9: No | G9: 3 | H9: 2 | I9: =G9*H9 -> 6 | J9: Ensure earthing of equipment before commencement of work | K9: 1 | L9: 2 | M9: =K9*L9 -> 2
C10: C2 | D10: Continuous pouring by same gang | E10: Cause tiredness of workers and may lead to accident | F10: No | G10: 2 | H10: 3 | I10: =G10*H10 -> 6 | J10: Insist on shift patterns | K10: 1 | L10: 3 | M10: =K10*L10 -> 3
A11: D | B11: Bar Bending & Bar Cutting Machine | C11: D1 | D11: Inexperienced operator | E11: Major Injury | F11: No | G11: 3 | H11: 3 | I11: =G11*H11 -> 9 | J11: Ensure complete trained operator to be deployed. | K11: 1 | L11: 3 | M11: =K11*L11 -> 3
C12: D2 | D12: Defective machine | E12: Major Injury | F12: Yes | G12: 3 | H12: 3 | I12: =G12*H12 -> 9 | J12: Check machine condition before start | K12: 2 | L12: 3 | M12: =K12*L12 -> 6
C13: D3 | D13: Loose Electrical connection | E13: Fire/Short circuit | F13: Yes | G13: 3 | H13: 3 | I13: =G13*H13 -> 9 | J13: Electrical connection should connected with ELCB | K13: 1 | L13: 3 | M13: =K13*L13 -> 3
C14: D4 | D14: Electrical shock | E14: Fire/Short circuit | F14: Yes | G14: 3 | H14: 2 | I14: =G14*H14 -> 6 | J14: Body Earthing provided to machine | K14: 1 | L14: 3 | M14: =K14*L14 -> 3
C15: D5 | D15: Hit by material | E15: Minor Injury | F15: Yes | G15: 2 | H15: 3 | I15: =G15*H15 -> 6 | J15: Trained operator prrovided | K15: 1 | L15: 3 | M15: =K15*L15 -> 3
C16: D6 | D16: Defective blades | E16: Minor Injury | F16: No | G16: 2 | H16: 1 | I16: =G16*H16 -> 2 | J16: Check blade condition | K16: 1 | L16: 1 | M16: =K16*L16 -> 1
A17: E | B17: Reinforcement work | C17: E1 | D17: During unloading rods from truck deck | E17: Injuries to the person due to hit while unloding rods | F17: No | G17: 3 | H17: 2 | I17: =G17*H17 -> 6 | J17: Unload bars from trailers as closer as possible to work area | K17: 2 | L17: 2 | M17: =K17*L17 -> 4
C18: E2 | D18: Cutting of rods | E18: Person may injured his finger or hand | F18: No | G18: 3 | H18: 2 | I18: =G18*H18 -> 6 | J18: Observe careful hand placement | K18: 2 | L18: 2 | M18: =K18*L18 -> 4
C19: E3 | D19: Carrying of rods for long distance | E19: Carrying of rods for short distance | F19: No | G19: 3 | H19: 1 | I19: =G19*H19 -> 3 | J19: Use proper lifting techniques | K19: 1 | L19: 1 | M19: =K19*L19 -> 1
C20: E4 | D20: Bending of rods | E20: Minor Injury | F20: No | G20: 2 | H20: 2 | I20: =G20*H20 -> 4 | J20: Get help with heavy / awkward bars | K20: 1 | L20: 2 | M20: =K20*L20 -> 2
A21: F | B21: Formwork | C21: F1 | D21: Working with cutting tools | E21: May cause hand injury | F21: No | G21: 3 | H21: 2 | I21: =G21*H21 -> 6 | J21: Observe position of machine and work accordingly | K21: 2 | L21: 2 | M21: =K21*L21 -> 4
C22: F2 | D22: Falling of shuttering materials | E22: Major Injury | F22: Yes | G22: 2 | H22: 2 | I22: =G22*H22 -> 4 | J22: Safety net should be provided | K22: 1 | L22: 2 | M22: =K22*L22 -> 2
A23: G | B23: Preparation of shuttering | C23: G1 | D23: Nails not stacked properly | E23: Eye Injury | F23: No | G23: 2 | H23: 3 | I23: =G23*H23 -> 6 | J23: Use magnet for collection of nails | K23: 1 | L23: 3 | M23: =K23*L23 -> 3
C24: G2 | D24: Use of loose hammer | E24: Major Injury | F24: No | G24: 3 | H24: 2 | I24: =G24*H24 -> 6 | J24: Use good condition of hammer | K24: 1 | L24: 2 | M24: =K24*L24 -> 2
A25: H | B25: Erection of shuttering on height | C25: H1 | D25: Fall of person | E25: Major Injury | F25: Yes | G25: 2 | H25: 4 | I25: =G25*H25 -> 8 | J25: Safety belt should be provided | K25: 1 | L25: 4 | M25: =K25*L25 -> 4
C26: H2 | D26: Fall of material | E26: Major Injury | F26: Yes | G26: 2 | H26: 4 | I26: =G26*H26 -> 8 | J26: Safety net should be provided | K26: 1 | L26: 4 | M26: =K26*L26 -> 4
A27: I | B27: Walkway jellies laying/ removing | C27: I1 | D27: Fall of jallies | E27: Major Injury | F27: Yes | G27: 2 | H27: 3 | I27: =G27*H27 -> 6 | J27: Walkway jallies should be bend with bending wires | K27: 1 | L27: 3 | M27: =K27*L27 -> 3
A28: J | B28: Concrete Pumping | C28: J1 | D28: Failure of equipment while working | E28: Injuries/ fatal/ fracture and equipment damage | F28: Yes | G28: 2 | H28: 5 | I28: =G28*H28 -> 10 | J28: Check equipment before commencement of work | K28: 1 | L28: 5 | M28: =K28*L28 -> 5
A29: K | B29: Handling & Stacking of scaffold materia | C29: K1 | D29: Fall of material while loading & unloading | E29: Injuries & fracture | F29: No | G29: 3 | H29: 1 | I29: =G29*H29 -> 3 | J29: Do not lift the materials with bundle ties and to be unloaded with suitablelifting equipments | K29: 2 | L29: 1 | M29: =K29*L29 -> 2
C30: K2 | D30: Improper stacking | E30: Minor Injury | F30: No | G30: 4 | H30: 1 | I30: =G30*H30 -> 4 | J30: Material should be stacked in stable manner and must be barricaded | K30: 1 | L30: 1 | M30: =K30*L30 -> 1
A31: L | B31: Working on scaffolding at height | C31: L1 | D31: Insufficient width of scaffold work platform | E31: Injury/fatal | F31: Yes | G31: 4 | H31: 5 | I31: =G31*H31 -> 20 | J31: Proper width should be provided for working | K31: 2 | L31: 5 | M31: =K31*L31 -> 10
A32: M | B32: Use portable electrical power tools and electrical equipments | C32: M1 | D32: Inexperienced operator | E32: Electrical shock and burn injury | F32: No | G32: 2 | H32: 3 | I32: =G32*H32 -> 6 | J32: Ensure complete trained operator to be deployed. | K32: 1 | L32: 3 | M32: =K32*L32 -> 3
A33: N | B33: Lifting of material | C33: N1 | D33: Failure of lifting gear, improper rigging | E33: Fall of material from height, damages to material, man power | F33: Yes | G33: 2 | H33: 5 | I33: =G33*H33 -> 10 | J33: To ensure safety checklist before commencing work | K33: 1 | L33: 5 | M33: =K33*L33 -> 5
C34: N2 | D34: Hit by object due with rapid speed of lowering hoist/hook. | E34: Major Injury | F34: Yes | G34: 2 | H34: 4 | I34: =G34*H34 -> 8 | J34: Close supervision is required | K34: 1 | L34: 4 | M34: =K34*L34 -> 4
A35: O | B35: Other risk related to project | C35: O1 | D35: Fire Hazard | E35: Major burn injuries | F35: Yes | G35: 1 | H35: 5 | I35: =G35*H35 -> 5 | J35: Fire enstigushier should be provided | K35: 1 | L35: 3 | M35: =K35*L35 -> 3
C36: O2 | D36: Inflation in material rate | E36: Increase cost more than estimated | F36: No | G36: 3 | H36: 2 | I36: =G36*H36 -> 6 | J36: Proper procurement strategy should be provided | K36: 2 | L36: 2 | M36: =K36*L36 -> 4
C37: O3 | D37: Change in scope | E37: Delay in project | F37: No | G37: 3 | H37: 5 | I37: =G37*H37 -> 15 | J37: Changes should be done as per the client's requirements and cost should be revised | K37: 1 | L37: 3 | M37: =K37*L37 -> 3
C38: O4 | D38: Labour shortage | E38: Delay in project | F38: No | G38: 4 | H38: 4 | I38: =G38*H38 -> 16 | J38: More sub contractors should be procured to mitigate labour shortage | K38: 2 | L38: 3 | M38: =K38*L38 -> 6
C39: O5 | D39: Force Majure | E39: Delay in project | F39: No | G39: 2 | H39: 4 | I39: =G39*H39 -> 8 | J39: Various Policies and Insurance should be taken by contractor | K39: 2 | L39: 3 | M39: =K39*L39 -> 6
