Workbook

Sheet DASHBOARD
A1: SPDC | D1: DAILY PROGRESS REPORT | O1: Report Date | R1: =INPUT!$B$14 -> 46234
O2: Data Date | R2: =INPUT!$B$15 -> 46234
D3: PLUMBING, WATER SUPPLY & DRAINAGE PACKAGE | O3: Report No. / Day | R3: =INPUT!$B$16&" | "&TEXT(INPUT!$B$15,"DDDD") -> DPR/PLB-027 | Friday | Y3: S-CURVE DATA (not printed)
A4: Project Name | C4: =INPUT!$B$4 -> <Client / Project Name> | I4: Contract / PO Ref. | K4: =INPUT!$B$9 -> <Work Order No. & Date> | O4: PROJECT HEALTH | Y4: DATE | Z4: PLANNED CUM % | AA4: ACTUAL CUM % | AB4: NOTE
A5: Project Manager | C5: =INPUT!$B$5 -> <PMC Project Manager> | I5: Contract Completion | K5: =INPUT!$B$10 -> 46295 | O5: Overall Status | S5: =IF($V$28="ON TRACK","ON PROGRAMME","BEHIND PROGRAMME") -> BEHIND PROGRAMME | Y5: =INPUT!$A$125 -> 46204 | Z5: =SUMPRODUCT($I$13:$I$27,(($Y5>=$K$13:$K$27)+($Y5<$K$13:$K$27)*($Y5>=$J$13:$J$27)*(($Y5-$J$13:$J$27+1)/($K$13:$K$27-$J$13:$J$27+1)))) -> 0 | AA5: =IF(INPUT!$B$125="","",INPUT!$B$125) -> 0 | AB5: from INPUT sheet section 14
A6: Contractor / Vendor | C6: =INPUT!$B$6 -> <Executing Agency / PEB Vendor> | I6: Calendar / Weather | K6: =INPUT!$B$11&" | "&INPUT!$B$13 -> 6 Days / Week – 8 hrs | Partly Cloudy, 32 °C | O6: Critical / High issues open | S6: =COUNTIF(INPUT!$E$101:$E$104,"Critical")+COUNTIF(INPUT!$E$101:$E$104,"High") -> 3 | Y6: =INPUT!$A$126 -> 46209 | Z6: =SUMPRODUCT($I$13:$I$27,(($Y6>=$K$13:$K$27)+($Y6<$K$13:$K$27)*($Y6>=$J$13:$J$27)*(($Y6-$J$13:$J$27+1)/($K$13:$K$27-$J$13:$J$27+1)))) -> 0 | AA6: =IF(INPUT!$B$126="","",INPUT!$B$126) -> 0.012004955 | AB6: from INPUT sheet section 14
A7: Location | C7: =INPUT!$B$7 -> <Plot / GIDC / District> | I7: Contract Value (₹ Lakh) | K7: =SUMPRODUCT($G$13:$G$27,$H$13:$H$27)/100000 -> 76.688 | O7: Approvals pending > 7 days | S7: =SUMPRODUCT((INPUT!$B$15-INPUT!$E$94:$E$97>7)*(INPUT!$A$94:$A$97<>"")) -> 3 | Y7: =INPUT!$A$127 -> 46214 | Z7: =SUMPRODUCT($I$13:$I$27,(($Y7>=$K$13:$K$27)+($Y7<$K$13:$K$27)*($Y7>=$J$13:$J$27)*(($Y7-$J$13:$J$27+1)/($K$13:$K$27-$J$13:$J$27+1)))) -> 0.0024148692 | AA7: =IF(INPUT!$B$127="","",INPUT!$B$127) -> 0.030008632 | AB7: from INPUT sheet section 14
A8: 1. KEY PERFORMANCE INDICATORS (all calculated — nothing is typed on this sheet) | Y8: =INPUT!$A$128 -> 46219 | Z8: =SUMPRODUCT($I$13:$I$27,(($Y8>=$K$13:$K$27)+($Y8<$K$13:$K$27)*($Y8>=$J$13:$J$27)*(($Y8-$J$13:$J$27+1)/($K$13:$K$27-$J$13:$J$27+1)))) -> 0.013793884 | AA8: =IF(INPUT!$B$128="","",INPUT!$B$128) -> 0.052016169 | AB8: from INPUT sheet section 14
A9: PLANNED % | D9: ACTUAL % | G9: VARIANCE | J9: SPI | M9: EARNED VALUE ₹ L | P9: VALUE DONE TODAY ₹ | S9: ITEMS DELAYED | U9: HRS LOST TODAY | Y9: =INPUT!$A$129 -> 46224 | Z9: =SUMPRODUCT($I$13:$I$27,(($Y9>=$K$13:$K$27)+($Y9<$K$13:$K$27)*($Y9>=$J$13:$J$27)*(($Y9-$J$13:$J$27+1)/($K$13:$K$27-$J$13:$J$27+1)))) -> 0.034272316 | AA9: =IF(INPUT!$B$129="","",INPUT!$B$129) -> 0.066745775 | AB9: from INPUT sheet section 14
A10: =$T$28 -> 0.085240637 | D10: =$U$28 -> 0.066745775 | G10: =$U$28-$T$28 -> -0.018494862 | J10: =IFERROR($U$28/$T$28,0) -> 0.78302764 | M10: =SUMPRODUCT($G$13:$G$27,$H$13:$H$27,$R$13:$R$27)/100000 -> 5.1186 | P10: =SUM($S$13:$S$27) -> 74760 | S10: =COUNTIF($V$13:$V$27,"Delay") -> 2 | U10: =$U$60 -> 5 | Y10: =INPUT!$A$130 -> 46229 | Z10: =SUMPRODUCT($I$13:$I$27,(($Y10>=$K$13:$K$27)+($Y10<$K$13:$K$27)*($Y10>=$J$13:$J$27)*(($Y10-$J$13:$J$27+1)/($K$13:$K$27-$J$13:$J$27+1)))) -> 0.058309728 | AA10: =IF(INPUT!$B$130="","",INPUT!$B$130) -> 0.066745775 | AB10: from INPUT sheet section 14
A11: 2. QUANTITY / PHYSICAL PROGRESS — ITEM-WISE (basis of the % complete above) | Y11: =INPUT!$A$131 -> 46234 | Z11: =SUMPRODUCT($I$13:$I$27,(($Y11>=$K$13:$K$27)+($Y11<$K$13:$K$27)*($Y11>=$J$13:$J$27)*(($Y11-$J$13:$J$27+1)/($K$13:$K$27-$J$13:$J$27+1)))) -> 0.085240637 | AA11: =$U$28 -> 0.066745775 | AB11: ◄ today – from the quantity table
A12: SL | B12: DESCRIPTION OF ITEM | F12: UNIT | G12: SCOPE QTY | H12: RATE ₹ | I12: WEIGHT-AGE % | J12: START | K12: FINISH | L12: DAYS +/− | M12: PLANNED % | N12: CUM QTY PREV. | O12: QTY TODAY | P12: CUM QTY TO DATE | Q12: BALANCE QTY | R12: % COMPL. | S12: EARNED ₹ TODAY | T12: WTD. PLANNED % | U12: WTD. ACTUAL % | V12: STATUS | Y12: =INPUT!$A$132 -> 46239 | Z12: =SUMPRODUCT($I$13:$I$27,(($Y12>=$K$13:$K$27)+($Y12<$K$13:$K$27)*($Y12>=$J$13:$J$27)*(($Y12-$J$13:$J$27+1)/($K$13:$K$27-$J$13:$J$27+1)))) -> 0.11217155 | AA12: =IF(INPUT!$B$132="","",INPUT!$B$132) | AB12: from INPUT sheet section 14
A13: 1 | B13: =INPUT!$B$24 -> UG HDPE water line 90 mm with fittings | F13: =INPUT!$E$24 -> RM | G13: =INPUT!$F$24 -> 640 | H13: =INPUT!$G$24 -> 680 | I13: =IFERROR(G13*H13/SUMPRODUCT($G$13:$G$27,$H$13:$H$27),0) -> 0.056749426 | J13: =INPUT!$H$24 -> 46213 | K13: =INPUT!$I$24 -> 46259 | L13: =K13-INPUT!$B$15 -> 25 | M13: =IF(INPUT!$B$15>=K13,1,IF(INPUT!$B$15<J13,0,(INPUT!$B$15-J13+1)/(K13-J13+1))) -> 0.46808511 | N13: =INPUT!$J$24 -> 180 | O13: =INPUT!$K$24 -> 22 | P13: =N13+O13 -> 202 | Q13: =G13-P13 -> 438 | R13: =IFERROR(MIN(P13/G13,1),0) -> 0.315625 | S13: =O13*H13 -> 14960 | T13: =I13*M13 -> 0.026563561 | U13: =I13*R13 -> 0.017911538 | V13: =IF(M13=0,"Not Started",IF(R13>=0.999,"Completed",IF(R13>=M13,"On Track",IF(R13>=M13*0.8,"In Progress","Delay")))) -> Delay | X13: =INPUT!$A$24 -> PLB-10 | Y13: =INPUT!$A$133 -> 46244 | Z13: =SUMPRODUCT($I$13:$I$27,(($Y13>=$K$13:$K$27)+($Y13<$K$13:$K$27)*($Y13>=$J$13:$J$27)*(($Y13-$J$13:$J$27+1)/($K$13:$K$27-$J$13:$J$27+1)))) -> 0.13910246 | AA13: =IF(INPUT!$B$133="","",INPUT!$B$133) | AB13: from INPUT sheet section 14
A14: 2 | B14: =INPUT!$B$25 -> UG sump, pump room piping & valves | F14: =INPUT!$E$25 -> LS | G14: =INPUT!$F$25 -> 1 | H14: =INPUT!$G$25 -> 480000 | I14: =IFERROR(G14*H14/SUMPRODUCT($G$13:$G$27,$H$13:$H$27),0) -> 0.062591279 | J14: =INPUT!$H$25 -> 46249 | K14: =INPUT!$I$25 -> 46295 | L14: =K14-INPUT!$B$15 -> 61 | M14: =IF(INPUT!$B$15>=K14,1,IF(INPUT!$B$15<J14,0,(INPUT!$B$15-J14+1)/(K14-J14+1))) -> 0 | N14: =INPUT!$J$25 -> 0 | O14: =INPUT!$K$25 -> 0 | P14: =N14+O14 -> 0 | Q14: =G14-P14 -> 1 | R14: =IFERROR(MIN(P14/G14,1),0) -> 0 | S14: =O14*H14 -> 0 | T14: =I14*M14 -> 0 | U14: =I14*R14 -> 0 | V14: =IF(M14=0,"Not Started",IF(R14>=0.999,"Completed",IF(R14>=M14,"On Track",IF(R14>=M14*0.8,"In Progress","Delay")))) -> Not Started | X14: =INPUT!$A$25 -> PLB-10 | Y14: =INPUT!$A$134 -> 46249 | Z14: =SUMPRODUCT($I$13:$I$27,(($Y14>=$K$13:$K$27)+($Y14<$K$13:$K$27)*($Y14>=$J$13:$J$27)*(($Y14-$J$13:$J$27+1)/($K$13:$K$27-$J$13:$J$27+1)))) -> 0.16736509 | AA14: =IF(INPUT!$B$134="","",INPUT!$B$134) | AB14: from INPUT sheet section 14
A15: 3 | B15: =INPUT!$B$26 -> Water meter, valves & masonry chambers | F15: =INPUT!$E$26 -> NOS | G15: =INPUT!$F$26 -> 16 | H15: =INPUT!$G$26 -> 12500 | I15: =IFERROR(G15*H15/SUMPRODUCT($G$13:$G$27,$H$13:$H$27),0) -> 0.0260797 | J15: =INPUT!$H$26 -> 46223 | K15: =INPUT!$I$26 -> 46270 | L15: =K15-INPUT!$B$15 -> 36 | M15: =IF(INPUT!$B$15>=K15,1,IF(INPUT!$B$15<J15,0,(INPUT!$B$15-J15+1)/(K15-J15+1))) -> 0.25 | N15: =INPUT!$J$26 -> 3 | O15: =INPUT!$K$26 -> 1 | P15: =N15+O15 -> 4 | Q15: =G15-P15 -> 12 | R15: =IFERROR(MIN(P15/G15,1),0) -> 0.25 | S15: =O15*H15 -> 12500 | T15: =I15*M15 -> 0.0065199249 | U15: =I15*R15 -> 0.0065199249 | V15: =IF(M15=0,"Not Started",IF(R15>=0.999,"Completed",IF(R15>=M15,"On Track",IF(R15>=M15*0.8,"In Progress","Delay")))) -> On Track | X15: =INPUT!$A$26 -> PLB-10 | Y15: =INPUT!$A$135 -> 46254 | Z15: =SUMPRODUCT($I$13:$I$27,(($Y15>=$K$13:$K$27)+($Y15<$K$13:$K$27)*($Y15>=$J$13:$J$27)*(($Y15-$J$13:$J$27+1)/($K$13:$K$27-$J$13:$J$27+1)))) -> 0.20352746 | AA15: =IF(INPUT!$B$135="","",INPUT!$B$135) | AB15: from INPUT sheet section 14
A16: 4 | B16: =INPUT!$B$27 -> CPVC piping 25 to 50 mm concealed | F16: =INPUT!$E$27 -> RM | G16: =INPUT!$F$27 -> 1450 | H16: =INPUT!$G$27 -> 420 | I16: =IFERROR(G16*H16/SUMPRODUCT($G$13:$G$27,$H$13:$H$27),0) -> 0.079412685 | J16: =INPUT!$H$27 -> 46254 | K16: =INPUT!$I$27 -> 46310 | L16: =K16-INPUT!$B$15 -> 76 | M16: =IF(INPUT!$B$15>=K16,1,IF(INPUT!$B$15<J16,0,(INPUT!$B$15-J16+1)/(K16-J16+1))) -> 0 | N16: =INPUT!$J$27 -> 0 | O16: =INPUT!$K$27 -> 0 | P16: =N16+O16 -> 0 | Q16: =G16-P16 -> 1450 | R16: =IFERROR(MIN(P16/G16,1),0) -> 0 | S16: =O16*H16 -> 0 | T16: =I16*M16 -> 0 | U16: =I16*R16 -> 0 | V16: =IF(M16=0,"Not Started",IF(R16>=0.999,"Completed",IF(R16>=M16,"On Track",IF(R16>=M16*0.8,"In Progress","Delay")))) -> Not Started | X16: =INPUT!$A$27 -> PLB-20 | Y16: =INPUT!$A$136 -> 46259 | Z16: =SUMPRODUCT($I$13:$I$27,(($Y16>=$K$13:$K$27)+($Y16<$K$13:$K$27)*($Y16>=$J$13:$J$27)*(($Y16-$J$13:$J$27+1)/($K$13:$K$27-$J$13:$J$27+1)))) -> 0.25146039 | AA16: =IF(INPUT!$B$136="","",INPUT!$B$136) | AB16: from INPUT sheet section 14
A17: 5 | B17: =INPUT!$B$28 -> GI piping 40 to 80 mm exposed | F17: =INPUT!$E$28 -> RM | G17: =INPUT!$F$28 -> 620 | H17: =INPUT!$G$28 -> 860 | I17: =IFERROR(G17*H17/SUMPRODUCT($G$13:$G$27,$H$13:$H$27),0) -> 0.069528479 | J17: =INPUT!$H$28 -> 46259 | K17: =INPUT!$I$28 -> 46305 | L17: =K17-INPUT!$B$15 -> 71 | M17: =IF(INPUT!$B$15>=K17,1,IF(INPUT!$B$15<J17,0,(INPUT!$B$15-J17+1)/(K17-J17+1))) -> 0 | N17: =INPUT!$J$28 -> 0 | O17: =INPUT!$K$28 -> 0 | P17: =N17+O17 -> 0 | Q17: =G17-P17 -> 620 | R17: =IFERROR(MIN(P17/G17,1),0) -> 0 | S17: =O17*H17 -> 0 | T17: =I17*M17 -> 0 | U17: =I17*R17 -> 0 | V17: =IF(M17=0,"Not Started",IF(R17>=0.999,"Completed",IF(R17>=M17,"On Track",IF(R17>=M17*0.8,"In Progress","Delay")))) -> Not Started | X17: =INPUT!$A$28 -> PLB-20 | Y17: =INPUT!$A$137 -> 46264 | Z17: =SUMPRODUCT($I$13:$I$27,(($Y17>=$K$13:$K$27)+($Y17<$K$13:$K$27)*($Y17>=$J$13:$J$27)*(($Y17-$J$13:$J$27+1)/($K$13:$K$27-$J$13:$J$27+1)))) -> 0.29927347 | AA17: =IF(INPUT!$B$137="","",INPUT!$B$137) | AB17: from INPUT sheet section 14
A18: 6 | B18: =INPUT!$B$29 -> Overhead tank connections, valves & float | F18: =INPUT!$E$29 -> NOS | G18: =INPUT!$F$29 -> 12 | H18: =INPUT!$G$29 -> 9800 | I18: =IFERROR(G18*H18/SUMPRODUCT($G$13:$G$27,$H$13:$H$27),0) -> 0.015334863 | J18: =INPUT!$H$29 -> 46285 | K18: =INPUT!$I$29 -> 46320 | L18: =K18-INPUT!$B$15 -> 86 | M18: =IF(INPUT!$B$15>=K18,1,IF(INPUT!$B$15<J18,0,(INPUT!$B$15-J18+1)/(K18-J18+1))) -> 0 | N18: =INPUT!$J$29 -> 0 | O18: =INPUT!$K$29 -> 0 | P18: =N18+O18 -> 0 | Q18: =G18-P18 -> 12 | R18: =IFERROR(MIN(P18/G18,1),0) -> 0 | S18: =O18*H18 -> 0 | T18: =I18*M18 -> 0 | U18: =I18*R18 -> 0 | V18: =IF(M18=0,"Not Started",IF(R18>=0.999,"Completed",IF(R18>=M18,"On Track",IF(R18>=M18*0.8,"In Progress","Delay")))) -> Not Started | X18: =INPUT!$A$29 -> PLB-20
A19: 7 | B19: =INPUT!$B$30 -> SWR / PVC soil & waste pipe 110 mm | F19: =INPUT!$E$30 -> RM | G19: =INPUT!$F$30 -> 980 | H19: =INPUT!$G$30 -> 480 | I19: =IFERROR(G19*H19/SUMPRODUCT($G$13:$G$27,$H$13:$H$27),0) -> 0.061339453 | J19: =INPUT!$H$30 -> 46254 | K19: =INPUT!$I$30 -> 46305 | L19: =K19-INPUT!$B$15 -> 71 | M19: =IF(INPUT!$B$15>=K19,1,IF(INPUT!$B$15<J19,0,(INPUT!$B$15-J19+1)/(K19-J19+1))) -> 0 | N19: =INPUT!$J$30 -> 0 | O19: =INPUT!$K$30 -> 0 | P19: =N19+O19 -> 0 | Q19: =G19-P19 -> 980 | R19: =IFERROR(MIN(P19/G19,1),0) -> 0 | S19: =O19*H19 -> 0 | T19: =I19*M19 -> 0 | U19: =I19*R19 -> 0 | V19: =IF(M19=0,"Not Started",IF(R19>=0.999,"Completed",IF(R19>=M19,"On Track",IF(R19>=M19*0.8,"In Progress","Delay")))) -> Not Started | X19: =INPUT!$A$30 -> PLB-30
A20: 8 | B20: =INPUT!$B$31 -> Rainwater downtake pipe 160 mm | F20: =INPUT!$E$31 -> RM | G20: =INPUT!$F$31 -> 720 | H20: =INPUT!$G$31 -> 620 | I20: =IFERROR(G20*H20/SUMPRODUCT($G$13:$G$27,$H$13:$H$27),0) -> 0.058209889 | J20: =INPUT!$H$31 -> 46266 | K20: =INPUT!$I$31 -> 46315 | L20: =K20-INPUT!$B$15 -> 81 | M20: =IF(INPUT!$B$15>=K20,1,IF(INPUT!$B$15<J20,0,(INPUT!$B$15-J20+1)/(K20-J20+1))) -> 0 | N20: =INPUT!$J$31 -> 0 | O20: =INPUT!$K$31 -> 0 | P20: =N20+O20 -> 0 | Q20: =G20-P20 -> 720 | R20: =IFERROR(MIN(P20/G20,1),0) -> 0 | S20: =O20*H20 -> 0 | T20: =I20*M20 -> 0 | U20: =I20*R20 -> 0 | V20: =IF(M20=0,"Not Started",IF(R20>=0.999,"Completed",IF(R20>=M20,"On Track",IF(R20>=M20*0.8,"In Progress","Delay")))) -> Not Started | X20: =INPUT!$A$31 -> PLB-30
A21: 9 | B21: =INPUT!$B$32 -> UG drainage line with inspection chambers | F21: =INPUT!$E$32 -> RM | G21: =INPUT!$F$32 -> 540 | H21: =INPUT!$G$32 -> 2200 | I21: =IFERROR(G21*H21/SUMPRODUCT($G$13:$G$27,$H$13:$H$27),0) -> 0.15491342 | J21: =INPUT!$H$32 -> 46218 | K21: =INPUT!$I$32 -> 46275 | L21: =K21-INPUT!$B$15 -> 41 | M21: =IF(INPUT!$B$15>=K21,1,IF(INPUT!$B$15<J21,0,(INPUT!$B$15-J21+1)/(K21-J21+1))) -> 0.29310345 | N21: =INPUT!$J$32 -> 96 | O21: =INPUT!$K$32 -> 14 | P21: =N21+O21 -> 110 | Q21: =G21-P21 -> 430 | R21: =IFERROR(MIN(P21/G21,1),0) -> 0.2037037 | S21: =O21*H21 -> 30800 | T21: =I21*M21 -> 0.045405656 | U21: =I21*R21 -> 0.031556436 | V21: =IF(M21=0,"Not Started",IF(R21>=0.999,"Completed",IF(R21>=M21,"On Track",IF(R21>=M21*0.8,"In Progress","Delay")))) -> Delay | X21: =INPUT!$A$32 -> PLB-30
A22: 10 | B22: =INPUT!$B$33 -> Manholes, gully traps & covers | F22: =INPUT!$E$33 -> NOS | G22: =INPUT!$F$33 -> 26 | H22: =INPUT!$G$33 -> 16500 | I22: =IFERROR(G22*H22/SUMPRODUCT($G$13:$G$27,$H$13:$H$27),0) -> 0.055940956 | J22: =INPUT!$H$33 -> 46228 | K22: =INPUT!$I$33 -> 46285 | L22: =K22-INPUT!$B$15 -> 51 | M22: =IF(INPUT!$B$15>=K22,1,IF(INPUT!$B$15<J22,0,(INPUT!$B$15-J22+1)/(K22-J22+1))) -> 0.12068966 | N22: =INPUT!$J$33 -> 4 | O22: =INPUT!$K$33 -> 1 | P22: =N22+O22 -> 5 | Q22: =G22-P22 -> 21 | R22: =IFERROR(MIN(P22/G22,1),0) -> 0.19230769 | S22: =O22*H22 -> 16500 | T22: =I22*M22 -> 0.0067514946 | U22: =I22*R22 -> 0.010757876 | V22: =IF(M22=0,"Not Started",IF(R22>=0.999,"Completed",IF(R22>=M22,"On Track",IF(R22>=M22*0.8,"In Progress","Delay")))) -> On Track | X22: =INPUT!$A$33 -> PLB-30
A23: 11 | B23: =INPUT!$B$34 -> WC, wash basin & urinal with fittings | F23: =INPUT!$E$34 -> NOS | G23: =INPUT!$F$34 -> 68 | H23: =INPUT!$G$34 -> 14500 | I23: =IFERROR(G23*H23/SUMPRODUCT($G$13:$G$27,$H$13:$H$27),0) -> 0.12857292 | J23: =INPUT!$H$34 -> 46296 | K23: =INPUT!$I$34 -> 46341 | L23: =K23-INPUT!$B$15 -> 107 | M23: =IF(INPUT!$B$15>=K23,1,IF(INPUT!$B$15<J23,0,(INPUT!$B$15-J23+1)/(K23-J23+1))) -> 0 | N23: =INPUT!$J$34 -> 0 | O23: =INPUT!$K$34 -> 0 | P23: =N23+O23 -> 0 | Q23: =G23-P23 -> 68 | R23: =IFERROR(MIN(P23/G23,1),0) -> 0 | S23: =O23*H23 -> 0 | T23: =I23*M23 -> 0 | U23: =I23*R23 -> 0 | V23: =IF(M23=0,"Not Started",IF(R23>=0.999,"Completed",IF(R23>=M23,"On Track",IF(R23>=M23*0.8,"In Progress","Delay")))) -> Not Started | X23: =INPUT!$A$34 -> PLB-40
A24: 12 | B24: =INPUT!$B$35 -> CP fittings, taps & health faucets | F24: =INPUT!$E$35 -> NOS | G24: =INPUT!$F$35 -> 120 | H24: =INPUT!$G$35 -> 3200 | I24: =IFERROR(G24*H24/SUMPRODUCT($G$13:$G$27,$H$13:$H$27),0) -> 0.050073023 | J24: =INPUT!$H$35 -> 46305 | K24: =INPUT!$I$35 -> 46346 | L24: =K24-INPUT!$B$15 -> 112 | M24: =IF(INPUT!$B$15>=K24,1,IF(INPUT!$B$15<J24,0,(INPUT!$B$15-J24+1)/(K24-J24+1))) -> 0 | N24: =INPUT!$J$35 -> 0 | O24: =INPUT!$K$35 -> 0 | P24: =N24+O24 -> 0 | Q24: =G24-P24 -> 120 | R24: =IFERROR(MIN(P24/G24,1),0) -> 0 | S24: =O24*H24 -> 0 | T24: =I24*M24 -> 0 | U24: =I24*R24 -> 0 | V24: =IF(M24=0,"Not Started",IF(R24>=0.999,"Completed",IF(R24>=M24,"On Track",IF(R24>=M24*0.8,"In Progress","Delay")))) -> Not Started | X24: =INPUT!$A$35 -> PLB-40
A25: 13 | B25: =INPUT!$B$36 -> Water cooler & drinking water stations | F25: =INPUT!$E$36 -> NOS | G25: =INPUT!$F$36 -> 8 | H25: =INPUT!$G$36 -> 42000 | I25: =IFERROR(G25*H25/SUMPRODUCT($G$13:$G$27,$H$13:$H$27),0) -> 0.043813895 | J25: =INPUT!$H$36 -> 46327 | K25: =INPUT!$I$36 -> 46351 | L25: =K25-INPUT!$B$15 -> 117 | M25: =IF(INPUT!$B$15>=K25,1,IF(INPUT!$B$15<J25,0,(INPUT!$B$15-J25+1)/(K25-J25+1))) -> 0 | N25: =INPUT!$J$36 -> 0 | O25: =INPUT!$K$36 -> 0 | P25: =N25+O25 -> 0 | Q25: =G25-P25 -> 8 | R25: =IFERROR(MIN(P25/G25,1),0) -> 0 | S25: =O25*H25 -> 0 | T25: =I25*M25 -> 0 | U25: =I25*R25 -> 0 | V25: =IF(M25=0,"Not Started",IF(R25>=0.999,"Completed",IF(R25>=M25,"On Track",IF(R25>=M25*0.8,"In Progress","Delay")))) -> Not Started | X25: =INPUT!$A$36 -> PLB-40
A26: 14 | B26: =INPUT!$B$37 -> Pressure testing & flushing of lines | F26: =INPUT!$E$37 -> RM | G26: =INPUT!$F$37 -> 3200 | H26: =INPUT!$G$37 -> 95 | I26: =IFERROR(G26*H26/SUMPRODUCT($G$13:$G$27,$H$13:$H$27),0) -> 0.039641143 | J26: =INPUT!$H$37 -> 46310 | K26: =INPUT!$I$37 -> 46356 | L26: =K26-INPUT!$B$15 -> 122 | M26: =IF(INPUT!$B$15>=K26,1,IF(INPUT!$B$15<J26,0,(INPUT!$B$15-J26+1)/(K26-J26+1))) -> 0 | N26: =INPUT!$J$37 -> 0 | O26: =INPUT!$K$37 -> 0 | P26: =N26+O26 -> 0 | Q26: =G26-P26 -> 3200 | R26: =IFERROR(MIN(P26/G26,1),0) -> 0 | S26: =O26*H26 -> 0 | T26: =I26*M26 -> 0 | U26: =I26*R26 -> 0 | V26: =IF(M26=0,"Not Started",IF(R26>=0.999,"Completed",IF(R26>=M26,"On Track",IF(R26>=M26*0.8,"In Progress","Delay")))) -> Not Started | X26: =INPUT!$A$37 -> PLB-50
A27: 15 | B27: =INPUT!$B$38 -> STP tie-in, trial run & commissioning | F27: =INPUT!$E$38 -> LS | G27: =INPUT!$F$38 -> 1 | H27: =INPUT!$G$38 -> 750000 | I27: =IFERROR(G27*H27/SUMPRODUCT($G$13:$G$27,$H$13:$H$27),0) -> 0.097798873 | J27: =INPUT!$H$38 -> 46341 | K27: =INPUT!$I$38 -> 46366 | L27: =K27-INPUT!$B$15 -> 132 | M27: =IF(INPUT!$B$15>=K27,1,IF(INPUT!$B$15<J27,0,(INPUT!$B$15-J27+1)/(K27-J27+1))) -> 0 | N27: =INPUT!$J$38 -> 0 | O27: =INPUT!$K$38 -> 0 | P27: =N27+O27 -> 0 | Q27: =G27-P27 -> 1 | R27: =IFERROR(MIN(P27/G27,1),0) -> 0 | S27: =O27*H27 -> 0 | T27: =I27*M27 -> 0 | U27: =I27*R27 -> 0 | V27: =IF(M27=0,"Not Started",IF(R27>=0.999,"Completed",IF(R27>=M27,"On Track",IF(R27>=M27*0.8,"In Progress","Delay")))) -> Not Started | X27: =INPUT!$A$38 -> PLB-50
A28: TOTAL / OVERALL PACKAGE PROGRESS | F28: ="₹ "&TEXT(SUMPRODUCT($G$13:$G$27,$H$13:$H$27)/100000,"#,##0.0")&" Lakh" -> ₹ 76.7 Lakh | I28: =SUM(I13:I27) -> 1 | J28: PROGRAMME | M28: =T28 -> 0.085240637 | R28: =U28 -> 0.066745775 | S28: =SUM(S13:S27) -> 74760 | T28: =SUM(T13:T27) -> 0.085240637 | U28: =SUM(U13:U27) -> 0.066745775 | V28: =IF(U28>=T28,"ON TRACK","BEHIND") -> BEHIND
A29: 3. PROGRESS SUMMARY BY GROUP (value weighted) | K29: 4. PROGRESS S-CURVE (PLANNED vs ACTUAL)
A30: GROUP | C30: DESCRIPTION | F30: WEIGHTAGE | H30: PLANNED % | I30: ACTUAL % | J30: SPI
A31: PLB-10 | C31: Underground Water Supply & Sump | F31: =SUMIFS($I$13:$I$27,$X$13:$X$27,$A31) -> 0.1454204 | H31: =IFERROR(SUMIFS($T$13:$T$27,$X$13:$X$27,$A31)/F31,0) -> 0.22750237 | I31: =IFERROR(SUMIFS($U$13:$U$27,$X$13:$X$27,$A31)/F31,0) -> 0.16800574 | J31: =IFERROR(I31/H31,"") -> 0.73847908
A32: PLB-20 | C32: Internal Water Supply Piping | F32: =SUMIFS($I$13:$I$27,$X$13:$X$27,$A32) -> 0.16427603 | H32: =IFERROR(SUMIFS($T$13:$T$27,$X$13:$X$27,$A32)/F32,0) -> 0 | I32: =IFERROR(SUMIFS($U$13:$U$27,$X$13:$X$27,$A32)/F32,0) -> 0 | J32: =IFERROR(I32/H32,"")
A33: PLB-30 | C33: Soil, Waste, Rainwater & UG Drainage | F33: =SUMIFS($I$13:$I$27,$X$13:$X$27,$A33) -> 0.33040371 | H33: =IFERROR(SUMIFS($T$13:$T$27,$X$13:$X$27,$A33)/F33,0) -> 0.15785885 | I33: =IFERROR(SUMIFS($U$13:$U$27,$X$13:$X$27,$A33)/F33,0) -> 0.12806851 | J33: =IFERROR(I33/H33,"") -> 0.81128497
A34: PLB-40 | C34: Sanitary Fixtures & CP Fittings | F34: =SUMIFS($I$13:$I$27,$X$13:$X$27,$A34) -> 0.22245984 | H34: =IFERROR(SUMIFS($T$13:$T$27,$X$13:$X$27,$A34)/F34,0) -> 0 | I34: =IFERROR(SUMIFS($U$13:$U$27,$X$13:$X$27,$A34)/F34,0) -> 0 | J34: =IFERROR(I34/H34,"")
A35: PLB-50 | C35: Testing, STP Tie-in & Commissioning | F35: =SUMIFS($I$13:$I$27,$X$13:$X$27,$A35) -> 0.13744002 | H35: =IFERROR(SUMIFS($T$13:$T$27,$X$13:$X$27,$A35)/F35,0) -> 0 | I35: =IFERROR(SUMIFS($U$13:$U$27,$X$13:$X$27,$A35)/F35,0) -> 0 | J35: =IFERROR(I35/H35,"")
A36: TOTAL | F36: =SUM(F31:F35) -> 1 | H36: =$T$28 -> 0.085240637 | I36: =$U$28 -> 0.066745775 | J36: =IFERROR(I36/H36,"") -> 0.78302764
A37: 5. EARNED VALUE / COMMERCIAL SNAPSHOT (₹ in Lakh)
A38: BAC – Contract value of package | H38: =SUMPRODUCT($G$13:$G$27,$H$13:$H$27)/100000 -> 76.688
A39: PV – Planned Value (BAC × Planned %) | H39: =$H$38*$T$28 -> 6.536934
A40: EV – Earned Value (BAC × Actual %) | H40: =$H$38*$U$28 -> 5.1186
A41: AC – Certified / paid to date | H41: =INPUT!$B$17 -> 5.4
A42: SV – Schedule Variance (EV − PV) | H42: =H40-H39 -> -1.418334
A43: CV – Cost Variance (EV − AC) | H43: =H40-H41 -> -0.2814
A44: CPI | EAC (BAC ÷ CPI) | H44: =TEXT(IFERROR(H40/H41,0),"0.00")&" | ₹ "&TEXT(IFERROR($H$38/(H40/H41),0),"#,##0.0")&" L" -> 0.95 | ₹ 80.9 L
A45: 6. MANPOWER DEPLOYED TODAY | H45: 7. EQUIPMENT UTILIZATION TODAY | O45: 8. KEY MATERIAL AT SITE
A46: TRADE / CATEGORY | D46: PLAN | E46: ACTUAL | F46: MAN-DAYS | H46: EQUIPMENT | K46: QTY | L46: WORKED HRS | M46: IDLE HRS | N46: UTIL. % | O46: MATERIAL | R46: UNIT | S46: OPENING | T46: RECD. | U46: CONSUMED | V46: BALANCE
A47: =INPUT!$A$42 -> Plumber | D47: =INPUT!$D$42 -> 10 | E47: =INPUT!$E$42 -> 8 | F47: =IFERROR(E47*INPUT!$F$42/INPUT!$B$12,0) -> 8.5 | H47: =INPUT!$A$51 -> Excavator – JCB 3DX | K47: =INPUT!$D$51 -> 1 | L47: =INPUT!$E$51 -> 5.5 | M47: =INPUT!$F$51 -> 2.5 | N47: =IFERROR(L47/(K47*INPUT!$B$12),0) -> 0.6875 | O47: =INPUT!$A$60 -> HDPE Pipe 90 mm | R47: =INPUT!$D$60 -> RM | S47: =INPUT!$E$60 -> 320 | T47: =INPUT!$F$60 -> 60 | U47: =INPUT!$G$60 -> 22 | V47: =S47+T47-U47 -> 358
A48: =INPUT!$A$43 -> Pipe Fitter | D48: =INPUT!$D$43 -> 6 | E48: =INPUT!$E$43 -> 5 | F48: =IFERROR(E48*INPUT!$F$43/INPUT!$B$12,0) -> 5.3125 | H48: =INPUT!$A$52 -> Hydro Test Pump | K48: =INPUT!$D$52 -> 1 | L48: =INPUT!$E$52 -> 2.5 | M48: =INPUT!$F$52 -> 5.5 | N48: =IFERROR(L48/(K48*INPUT!$B$12),0) -> 0.3125 | O48: =INPUT!$A$61 -> CPVC Pipe & fittings | R48: =INPUT!$D$61 -> RM | S48: =INPUT!$E$61 -> 0 | T48: =INPUT!$F$61 -> 0 | U48: =INPUT!$G$61 -> 0 | V48: =S48+T48-U48 -> 0
A49: =INPUT!$A$44 -> Mason – chambers & manholes | D49: =INPUT!$D$44 -> 6 | E49: =INPUT!$E$44 -> 6 | F49: =IFERROR(E49*INPUT!$F$44/INPUT!$B$12,0) -> 6 | H49: =INPUT!$A$53 -> Threading & Grooving Machine | K49: =INPUT!$D$53 -> 2 | L49: =INPUT!$E$53 -> 9 | M49: =INPUT!$F$53 -> 7 | N49: =IFERROR(L49/(K49*INPUT!$B$12),0) -> 0.5625 | O49: =INPUT!$A$62 -> SWR / PVC Pipe 110 & 160 mm | R49: =INPUT!$D$62 -> RM | S49: =INPUT!$E$62 -> 240 | T49: =INPUT!$F$62 -> 0 | U49: =INPUT!$G$62 -> 0 | V49: =S49+T49-U49 -> 240
A50: =INPUT!$A$45 -> Helper | D50: =INPUT!$D$45 -> 12 | E50: =INPUT!$E$45 -> 10 | F50: =IFERROR(E50*INPUT!$F$45/INPUT!$B$12,0) -> 10.625 | H50: =INPUT!$A$54 -> Core Cutting Machine | K50: =INPUT!$D$54 -> 2 | L50: =INPUT!$E$54 -> 6 | M50: =INPUT!$F$54 -> 10 | N50: =IFERROR(L50/(K50*INPUT!$B$12),0) -> 0.375 | O50: =INPUT!$A$63 -> RCC / SW pipe for UG drainage | R50: =INPUT!$D$63 -> RM | S50: =INPUT!$E$63 -> 180 | T50: =INPUT!$F$63 -> 40 | U50: =INPUT!$G$63 -> 14 | V50: =S50+T50-U50 -> 206
A51: =INPUT!$A$46 -> Machine Operator | D51: =INPUT!$D$46 -> 2 | E51: =INPUT!$E$46 -> 2 | F51: =IFERROR(E51*INPUT!$F$46/INPUT!$B$12,0) -> 2 | H51: =INPUT!$A$55 -> Drilling & Chasing Machines | K51: =INPUT!$D$55 -> 6 | L51: =INPUT!$E$55 -> 28 | M51: =INPUT!$F$55 -> 20 | N51: =IFERROR(L51/(K51*INPUT!$B$12),0) -> 0.58333333 | O51: =INPUT!$A$64 -> Chamber covers, gully traps & frames | R51: =INPUT!$D$64 -> NOS | S51: =INPUT!$E$64 -> 18 | T51: =INPUT!$F$64 -> 4 | U51: =INPUT!$G$64 -> 1 | V51: =S51+T51-U51 -> 21
A52: =INPUT!$A$47 -> Supervisor & PMC Staff | D52: =INPUT!$D$47 -> 3 | E52: =INPUT!$E$47 -> 3 | F52: =IFERROR(E52*INPUT!$F$47/INPUT!$B$12,0) -> 3.375 | H52: =INPUT!$A$56 -> De-watering Pump & DG Set | K52: =INPUT!$D$56 -> 3 | L52: =INPUT!$E$56 -> 16 | M52: =INPUT!$F$56 -> 8 | N52: =IFERROR(L52/(K52*INPUT!$B$12),0) -> 0.66666667 | O52: =INPUT!$A$65 -> Solvent cement, sealant & fasteners | R52: =INPUT!$D$65 -> LTR | S52: =INPUT!$E$65 -> 60 | T52: =INPUT!$F$65 -> 15 | U52: =INPUT!$G$65 -> 8 | V52: =S52+T52-U52 -> 67
A53: TOTAL WORKERS / MAN-DAYS | D53: =SUM(D47:D52) -> 39 | E53: =SUM(E47:E52) -> 34 | F53: =SUM(F47:F52) -> 35.8125 | H53: TOTAL / AVERAGE | K53: =SUM(K47:K52) -> 15 | L53: =SUM(L47:L52) -> 67 | M53: =SUM(M47:M52) -> 53 | N53: =IFERROR(L53/(K53*INPUT!$B$12),0) -> 0.55833333 | O53: Balance = Opening + Received − Consumed · carry Balance forward as tomorrow's Opening on the INPUT sheet
A54: 9. QUALITY CONTROL & TESTS TODAY | H54: 10. HSE / SAFETY STATISTICS | O54: 11. DELAY / IDLE TIME LOG TODAY
A55: =INPUT!$A$69 -> Pressure test – UG water line 6 kg/cm² | F55: =INPUT!$D$69 -> Section-1 passed | H55: =INPUT!$A$78 -> Safe man-hours – today / cumulative | M55: =INPUT!$D$78 -> 290 / 5,180 | O55: CAUSE (CATEGORY) | S55: FROM | T55: TO | U55: HRS LOST | V55: EOT
A56: =INPUT!$A$70 -> Slope / invert level check – drainage | F56: =INPUT!$D$70 -> 4 chambers verified | H56: =INPUT!$A$79 -> Days without LTI | M56: =INPUT!$D$79 -> 122 | O56: =IF(INPUT!$A$87="","",INPUT!$A$87&" ("&INPUT!$D$87&")") -> Sleeves / cutouts not left in slab by civil (Client / Vendor) | S56: =INPUT!$E$87 -> 0.39583333 | T56: =INPUT!$F$87 -> 0.5 | U56: =IF(INPUT!$E$87="","",(INPUT!$F$87-INPUT!$E$87)*24) -> 2.5 | V56: =INPUT!$G$87 -> Yes
A57: =INPUT!$A$71 -> Water tightness test of chambers | F57: =INPUT!$D$71 -> 3 taken, all OK | H57: =INPUT!$A$80 -> Excavation permits issued | M57: =INPUT!$D$80 -> 2 | O57: =IF(INPUT!$A$88="","",INPUT!$A$88&" ("&INPUT!$D$88&")") -> Rain – trench work stopped (Weather) | S57: =INPUT!$E$88 -> 0.60416667 | T57: =INPUT!$F$88 -> 0.66666667 | U57: =IF(INPUT!$E$88="","",(INPUT!$F$88-INPUT!$E$88)*24) -> 1.5 | V57: =INPUT!$G$88 -> Review
A58: =INPUT!$A$72 -> Bedding & backfill compaction test | F58: =INPUT!$D$72 -> 2 tests, 1 re-do | H58: =INPUT!$A$81 -> Confined space entry – chambers | M58: =INPUT!$D$81 -> 1 with gas test | O58: =IF(INPUT!$A$89="","",INPUT!$A$89&" ("&INPUT!$D$89&")") -> Chamber cover consignment not received (Contractor) | S58: =INPUT!$E$89 -> 0.45833333 | T58: =INPUT!$F$89 -> 0.5 | U58: =IF(INPUT!$E$89="","",(INPUT!$F$89-INPUT!$E$89)*24) -> 1 | V58: =INPUT!$G$89 -> No
A59: =INPUT!$A$73 -> Chlorination of tested water lines | F59: =INPUT!$D$73 -> Not yet due | H59: =INPUT!$A$82 -> Trench barricading & signage verified | M59: =INPUT!$D$82 -> Yes | O59: =IF(INPUT!$A$90="","",INPUT!$A$90&" ("&INPUT!$D$90&")") | S59: =INPUT!$E$90 -> 0 | T59: =INPUT!$F$90 -> 0 | U59: =IF(INPUT!$E$90="","",(INPUT!$F$90-INPUT!$E$90)*24) | V59: =INPUT!$G$90 -> 0
A60: =INPUT!$A$74 -> NCRs open / closed today | F60: =INPUT!$D$74 -> 1 / 1 | H60: =INPUT!$A$83 -> Safety observations raised / closed | M60: =INPUT!$D$83 -> 4 / 3 | O60: TOTAL HOURS LOST TODAY | U60: =SUM(U56:U59) -> 5 | V60: =COUNTIF(V56:V59,"Yes")&" EOT" -> 1 EOT
A61: 12. DRAWINGS / RFI / MATERIAL APPROVALS PENDING | L61: 13. ISSUES & RISKS (open items)
A62: REF. NO. | C62: DESCRIPTION | I62: RAISED ON | J62: AGEING | K62: PENDING WITH | L62: ISSUE / RISK DESCRIPTION | S62: SEVERITY | U62: OWNER
A63: =INPUT!$A$94 -> RFI-055 | C63: =INPUT!$B$94 -> Toilet layout & fixture positions – approval | I63: =INPUT!$E$94 -> 46225 | J63: =IF(INPUT!$E$94="","",INPUT!$B$15-INPUT!$E$94) -> 9 | K63: =INPUT!$F$94 -> Consultant | L63: =IF(INPUT!$A$101="","","⚠ "&INPUT!$A$101) -> ⚠ Sanitaryware & CP fitting make not approved – 10 week procurement risk | S63: =INPUT!$E$101 -> Critical | U63: =INPUT!$F$101 -> Client
A64: =INPUT!$A$95 -> DWG-131 | C64: =INPUT!$B$95 -> UG drainage invert levels rev-1 | I64: =INPUT!$E$95 -> 46222 | J64: =IF(INPUT!$E$95="","",INPUT!$B$15-INPUT!$E$95) -> 12 | K64: =INPUT!$F$95 -> Consultant | L64: =IF(INPUT!$A$102="","","⚠ "&INPUT!$A$102) -> ⚠ Sleeves and cutouts not provided by civil in cast slabs | S64: =INPUT!$E$102 -> High | U64: =INPUT!$F$102 -> Contractor
A65: =INPUT!$A$96 -> MAR-049 | C65: =INPUT!$B$96 -> CPVC pipe & sanitaryware make approval | I65: =INPUT!$E$96 -> 46220 | J65: =IF(INPUT!$E$96="","",INPUT!$B$15-INPUT!$E$96) -> 14 | K65: =INPUT!$F$96 -> Client | L65: =IF(INPUT!$A$103="","","⚠ "&INPUT!$A$103) -> ⚠ UG drainage invert level clash with the road profile at Chamber-9 | S65: =INPUT!$E$103 -> High | U65: =INPUT!$F$103 -> Consultant
A66: =INPUT!$A$97 -> RFI-056 | C66: =INPUT!$B$97 -> STP tie-in point & discharge level | I66: =INPUT!$E$97 -> 46231 | J66: =IF(INPUT!$E$97="","",INPUT!$B$15-INPUT!$E$97) -> 3 | K66: =INPUT!$F$97 -> PMC | L66: =IF(INPUT!$A$104="","","⚠ "&INPUT!$A$104) -> ⚠ Chamber cover consignment short by 8 nos. | S66: =INPUT!$E$104 -> Medium | U66: =INPUT!$F$104 -> Contractor
A67: 14. TODAY'S HIGHLIGHTS | L67: 15. NEXT DAY PLAN
A68: =IF(INPUT!$A$107="","","★ "&INPUT!$A$107) -> ★ UG HDPE water line laid & jointed – 202 RM of 640 RM | L68: =IF(INPUT!$A$113="","","➜ "&INPUT!$A$113) -> ➜ Continue UG water line – Chainage 210 to 270
A69: =IF(INPUT!$A$108="","","★ "&INPUT!$A$108) -> ★ UG drainage line completed up to Chamber-7 – 110 RM | L69: =IF(INPUT!$A$114="","","➜ "&INPUT!$A$114) -> ➜ Drainage line Chamber-7 to Chamber-9 with invert check
A70: =IF(INPUT!$A$109="","","★ "&INPUT!$A$109) -> ★ Pressure test of water line Section-1 passed at 6 kg/cm² | L70: =IF(INPUT!$A$115="","","➜ "&INPUT!$A$115) -> ➜ Backfilling of tested water line section
A71: =IF(INPUT!$A$110="","","★ "&INPUT!$A$110) -> ★ 4 nos. inspection chambers completed with covers | L71: =IF(INPUT!$A$116="","","➜ "&INPUT!$A$116) -> ➜ Follow up sanitaryware make approval with client
A72: 16. DECISIONS / INSTRUCTIONS REQUIRED FROM CLIENT / CONSULTANT / VENDOR
A73: =IF(INPUT!$A$119="","","1. "&INPUT!$A$119) -> 1. Approval of the sanitaryware and CP fitting make (MAR-049) – 10 week procurement lead time is at risk
A74: =IF(INPUT!$A$120="","","2. "&INPUT!$A$120) -> 2. Civil agency to provide the balance sleeves and cutouts in cast slabs – concealed piping cannot start
A75: =IF(INPUT!$A$121="","","3. "&INPUT!$A$121) -> 3. Confirmation of UG drainage invert levels at Chamber-9 (DWG-131) – excavation held at that stretch
A77: Prepared By | F77: Checked By | K77: Approved By | P77: Client Representative
A79: Name / Sign / Date — Site Engineer – SPDC | F79: Name / Sign / Date — QA/QC Engineer – SPDC | K79: Name / Sign / Date — Project Manager – SPDC | P79: Name / Sign / Date — For and on behalf of Client
A80: Sharnam Project Development Consultants & Co. (SPDC), Vadodara | Project Management Consultancy | THIS SHEET IS ALL FORMULAS — enter data on the INPUT sheet | A3 Landscape – Page 1 of 1

Sheet INPUT
A1: DAILY INPUT SHEET — PLUMBING, WATER SUPPLY & DRAINAGE PACKAGE
A2: TYPE ONLY IN THE YELLOW CELLS ON THIS SHEET. The DASHBOARD sheet is the printed DPR — it is all formulas and must not be typed over. Fill top to bottom, then print the DASHBOARD to PDF.
A3: 1. PROJECT HEADER (change once at the start, then only the dates each day)
A4: Project name | B4: <Client / Project Name>
A5: Project manager | B5: <PMC Project Manager>
A6: Contractor / vendor | B6: <Executing Agency / PEB Vendor>
A7: Location | B7: <Plot / GIDC / District>
A8: Prepared by | B8: Site Engineer – SPDC (PMC)
A9: Contract / PO reference | B9: <Work Order No. & Date>
A10: Contract completion date | B10: 46295
A11: Calendar / working hours | B11: 6 Days / Week – 8 hrs | F11: Shift hours drive man-days & utilization
A12: Shift hours per day | B12: 8 | F12: Used for man-days and equipment utilization
A13: Weather | B13: Partly Cloudy, 32 °C
A14: REPORT DATE | B14: 46234
A15: DATA DATE (cut-off) | B15: 46234 | F15: Every planned % is measured to this date
A16: Report number | B16: DPR/PLB-027
A17: AC – certified / paid to date (₹ Lakh) | B17: 5.4 | F17: From the RA bill / cost report
A18: Cumulative man-days upto previous day | B18: 1180
A19: Cumulative safe man-hours upto prev. day | B19: 42150
A20: Date of last LTI | B20: 46112 | F20: Days without LTI counts from here
A22: 2. QUANTITY PROGRESS (one row per BOQ / scope item — type today's quantity in the last column)
A23: GROUP | B23: DESCRIPTION OF ITEM | E23: UNIT | F23: SCOPE / BOQ QTY | G23: RATE ₹ | H23: START | I23: FINISH | J23: CUM QTY UPTO PREV. | K23: QTY TODAY
A24: PLB-10 | B24: UG HDPE water line 90 mm with fittings | E24: RM | F24: 640 | G24: 680 | H24: 46213 | I24: 46259 | J24: 180 | K24: 22
A25: PLB-10 | B25: UG sump, pump room piping & valves | E25: LS | F25: 1 | G25: 480000 | H25: 46249 | I25: 46295 | J25: 0 | K25: 0
A26: PLB-10 | B26: Water meter, valves & masonry chambers | E26: NOS | F26: 16 | G26: 12500 | H26: 46223 | I26: 46270 | J26: 3 | K26: 1
A27: PLB-20 | B27: CPVC piping 25 to 50 mm concealed | E27: RM | F27: 1450 | G27: 420 | H27: 46254 | I27: 46310 | J27: 0 | K27: 0
A28: PLB-20 | B28: GI piping 40 to 80 mm exposed | E28: RM | F28: 620 | G28: 860 | H28: 46259 | I28: 46305 | J28: 0 | K28: 0
A29: PLB-20 | B29: Overhead tank connections, valves & float | E29: NOS | F29: 12 | G29: 9800 | H29: 46285 | I29: 46320 | J29: 0 | K29: 0
A30: PLB-30 | B30: SWR / PVC soil & waste pipe 110 mm | E30: RM | F30: 980 | G30: 480 | H30: 46254 | I30: 46305 | J30: 0 | K30: 0
A31: PLB-30 | B31: Rainwater downtake pipe 160 mm | E31: RM | F31: 720 | G31: 620 | H31: 46266 | I31: 46315 | J31: 0 | K31: 0
A32: PLB-30 | B32: UG drainage line with inspection chambers | E32: RM | F32: 540 | G32: 2200 | H32: 46218 | I32: 46275 | J32: 96 | K32: 14
A33: PLB-30 | B33: Manholes, gully traps & covers | E33: NOS | F33: 26 | G33: 16500 | H33: 46228 | I33: 46285 | J33: 4 | K33: 1
A34: PLB-40 | B34: WC, wash basin & urinal with fittings | E34: NOS | F34: 68 | G34: 14500 | H34: 46296 | I34: 46341 | J34: 0 | K34: 0
A35: PLB-40 | B35: CP fittings, taps & health faucets | E35: NOS | F35: 120 | G35: 3200 | H35: 46305 | I35: 46346 | J35: 0 | K35: 0
... A38: PLB-50 | B38: STP tie-in, trial run & commissioning | E38: LS | F38: 1 | G38: 750000 | H38: 46341 | I38: 46366 | J38: 0 | K38: 0
A40: 3. MANPOWER DEPLOYED TODAY
A41: TRADE / CATEGORY | D41: PLANNED NOS | E41: ACTUAL NOS | F41: HOURS WORKED
A42: Plumber | D42: 10 | E42: 8 | F42: 8.5
A43: Pipe Fitter | D43: 6 | E43: 5 | F43: 8.5
A44: Mason – chambers & manholes | D44: 6 | E44: 6 | F44: 8
A45: Helper | D45: 12 | E45: 10 | F45: 8.5
A46: Machine Operator | D46: 2 | E46: 2 | F46: 8
A47: Supervisor & PMC Staff | D47: 3 | E47: 3 | F47: 9
A49: 4. EQUIPMENT DEPLOYED TODAY
A50: EQUIPMENT | D50: QTY | E50: WORKED HRS | F50: IDLE HRS
A51: Excavator – JCB 3DX | D51: 1 | E51: 5.5 | F51: 2.5
A52: Hydro Test Pump | D52: 1 | E52: 2.5 | F52: 5.5
A53: Threading & Grooving Machine | D53: 2 | E53: 9 | F53: 7
A54: Core Cutting Machine | D54: 2 | E54: 6 | F54: 10
A55: Drilling & Chasing Machines | D55: 6 | E55: 28 | F55: 20
A56: De-watering Pump & DG Set | D56: 3 | E56: 16 | F56: 8
A58: 5. MATERIAL AT SITE
A59: MATERIAL | D59: UNIT | E59: OPENING STOCK | F59: RECEIVED TODAY | G59: CONSUMED / ISSUED
A60: HDPE Pipe 90 mm | D60: RM | E60: 320 | F60: 60 | G60: 22
A61: CPVC Pipe & fittings | D61: RM | E61: 0 | F61: 0 | G61: 0
A62: SWR / PVC Pipe 110 & 160 mm | D62: RM | E62: 240 | F62: 0 | G62: 0
A63: RCC / SW pipe for UG drainage | D63: RM | E63: 180 | F63: 40 | G63: 14
A64: Chamber covers, gully traps & frames | D64: NOS | E64: 18 | F64: 4 | G64: 1
A65: Solvent cement, sealant & fasteners | D65: LTR | E65: 60 | F65: 15 | G65: 8
A67: 6. QUALITY CONTROL & TESTS TODAY
A68: QUALITY / TEST PARAMETER | D68: TODAY'S FIGURE
A69: Pressure test – UG water line 6 kg/cm² | D69: Section-1 passed
A70: Slope / invert level check – drainage | D70: 4 chambers verified
A71: Water tightness test of chambers | D71: 3 taken, all OK
A72: Bedding & backfill compaction test | D72: 2 tests, 1 re-do
A73: Chlorination of tested water lines | D73: Not yet due
A74: NCRs open / closed today | D74: 1 / 1
A76: 7. HSE / SAFETY STATISTICS
A77: HSE PARAMETER | D77: TODAY'S FIGURE
A78: Safe man-hours – today / cumulative | D78: 290 / 5,180
A79: Days without LTI | D79: 122
A80: Excavation permits issued | D80: 2
A81: Confined space entry – chambers | D81: 1 with gas test
A82: Trench barricading & signage verified | D82: Yes
A83: Safety observations raised / closed | D83: 4 / 3
A85: 8. DELAY / IDLE TIME LOG TODAY (enter clock times — hours are calculated)
A86: CAUSE OF DELAY / IDLE TIME | D86: CATEGORY | E86: FROM | F86: TO | G86: EOT
A87: Sleeves / cutouts not left in slab by civil | D87: Client / Vendor | E87: 0.39583333 | F87: 0.5 | G87: Yes
A88: Rain – trench work stopped | D88: Weather | E88: 0.60416667 | F88: 0.66666667 | G88: Review
A89: Chamber cover consignment not received | D89: Contractor | E89: 0.45833333 | F89: 0.5 | G89: No
A92: 9. DRAWINGS / RFI / MATERIAL APPROVALS PENDING (ageing is calculated)
A93: REF. NO. | B93: DESCRIPTION | E93: RAISED ON | F93: PENDING WITH
A94: RFI-055 | B94: Toilet layout & fixture positions – approval | E94: 46225 | F94: Consultant
A95: DWG-131 | B95: UG drainage invert levels rev-1 | E95: 46222 | F95: Consultant
A96: MAR-049 | B96: CPVC pipe & sanitaryware make approval | E96: 46220 | F96: Client
A97: RFI-056 | B97: STP tie-in point & discharge level | E97: 46231 | F97: PMC
A99: 10. ISSUES & RISKS (open items)
A100: ISSUE / RISK DESCRIPTION | E100: SEVERITY | F100: OWNER
A101: Sanitaryware & CP fitting make not approved – 10 week procurement risk | E101: Critical | F101: Client
A102: Sleeves and cutouts not provided by civil in cast slabs | E102: High | F102: Contractor
A103: UG drainage invert level clash with the road profile at Chamber-9 | E103: High | F103: Consultant
A104: Chamber cover consignment short by 8 nos. | E104: Medium | F104: Contractor
A106: 11. TODAY'S HIGHLIGHTS
A107: UG HDPE water line laid & jointed – 202 RM of 640 RM
A108: UG drainage line completed up to Chamber-7 – 110 RM
A109: Pressure test of water line Section-1 passed at 6 kg/cm²
A110: 4 nos. inspection chambers completed with covers
A112: 12. NEXT DAY PLAN
A113: Continue UG water line – Chainage 210 to 270
A114: Drainage line Chamber-7 to Chamber-9 with invert check
...

Sheet S-Curve Calc
A1: S-CURVE CALCULATION — ACTUAL % ON EACH REPORTING DATE (PLUMBING)
A2: Enter the CUMULATIVE quantity of each item as it stood on each reporting date (from that day's measurement book / issued DPR). The bottom row converts them into the weighted actual % for that date and feeds INPUT section 14 and the S-curve. Once a column is filled it never changes again.
A4: SL | B4: DESCRIPTION OF ITEM | C4: UNIT | D4: SCOPE QTY | E4: WEIGHT-AGE % | F4: 46204 | G4: 46209 | H4: 46214 | I4: 46219 | J4: 46224 | K4: 46229 | L4: 46234 | M4: 46239 | N4: 46244 | O4: 46249 | P4: 46254 | Q4: 46259 | R4: 46264
A5: 1 | B5: =INPUT!$B$24 -> UG HDPE water line 90 mm with fittings | C5: =INPUT!$E$24 -> RM | D5: =INPUT!$F$24 -> 640 | E5: =IFERROR(INPUT!$F$24*INPUT!$G$24/SUMPRODUCT(INPUT!$F$24:$F$38,INPUT!$G$24:$G$38),0) -> 0.056749426 | F5: 0 | G5: 36.32 | H5: 90.79 | I5: 157.37 | J5: 202 | K5: 202
A6: 2 | B6: =INPUT!$B$25 -> UG sump, pump room piping & valves | C6: =INPUT!$E$25 -> LS | D6: =INPUT!$F$25 -> 1 | E6: =IFERROR(INPUT!$F$25*INPUT!$G$25/SUMPRODUCT(INPUT!$F$24:$F$38,INPUT!$G$24:$G$38),0) -> 0.062591279 | F6: 0 | G6: 0 | H6: 0 | I6: 0 | J6: 0 | K6: 0
A7: 3 | B7: =INPUT!$B$26 -> Water meter, valves & masonry chambers | C7: =INPUT!$E$26 -> NOS | D7: =INPUT!$F$26 -> 16 | E7: =IFERROR(INPUT!$F$26*INPUT!$G$26/SUMPRODUCT(INPUT!$F$24:$F$38,INPUT!$G$24:$G$38),0) -> 0.0260797 | F7: 0 | G7: 0.72 | H7: 1.8 | I7: 3.12 | J7: 4 | K7: 4
A8: 4 | B8: =INPUT!$B$27 -> CPVC piping 25 to 50 mm concealed | C8: =INPUT!$E$27 -> RM | D8: =INPUT!$F$27 -> 1450 | E8: =IFERROR(INPUT!$F$27*INPUT!$G$27/SUMPRODUCT(INPUT!$F$24:$F$38,INPUT!$G$24:$G$38),0) -> 0.079412685 | F8: 0 | G8: 0 | H8: 0 | I8: 0 | J8: 0 | K8: 0
A9: 5 | B9: =INPUT!$B$28 -> GI piping 40 to 80 mm exposed | C9: =INPUT!$E$28 -> RM | D9: =INPUT!$F$28 -> 620 | E9: =IFERROR(INPUT!$F$28*INPUT!$G$28/SUMPRODUCT(INPUT!$F$24:$F$38,INPUT!$G$24:$G$38),0) -> 0.069528479 | F9: 0 | G9: 0 | H9: 0 | I9: 0 | J9: 0 | K9: 0
A10: 6 | B10: =INPUT!$B$29 -> Overhead tank connections, valves & float | C10: =INPUT!$E$29 -> NOS | D10: =INPUT!$F$29 -> 12 | E10: =IFERROR(INPUT!$F$29*INPUT!$G$29/SUMPRODUCT(INPUT!$F$24:$F$38,INPUT!$G$24:$G$38),0) -> 0.015334863 | F10: 0 | G10: 0 | H10: 0 | I10: 0 | J10: 0 | K10: 0
A11: 7 | B11: =INPUT!$B$30 -> SWR / PVC soil & waste pipe 110 mm | C11: =INPUT!$E$30 -> RM | D11: =INPUT!$F$30 -> 980 | E11: =IFERROR(INPUT!$F$30*INPUT!$G$30/SUMPRODUCT(INPUT!$F$24:$F$38,INPUT!$G$24:$G$38),0) -> 0.061339453 | F11: 0 | G11: 0 | H11: 0 | I11: 0 | J11: 0 | K11: 0
A12: 8 | B12: =INPUT!$B$31 -> Rainwater downtake pipe 160 mm | C12: =INPUT!$E$31 -> RM | D12: =INPUT!$F$31 -> 720 | E12: =IFERROR(INPUT!$F$31*INPUT!$G$31/SUMPRODUCT(INPUT!$F$24:$F$38,INPUT!$G$24:$G$38),0) -> 0.058209889 | F12: 0 | G12: 0 | H12: 0 | I12: 0 | J12: 0 | K12: 0
A13: 9 | B13: =INPUT!$B$32 -> UG drainage line with inspection chambers | C13: =INPUT!$E$32 -> RM | D13: =INPUT!$F$32 -> 540 | E13: =IFERROR(INPUT!$F$32*INPUT!$G$32/SUMPRODUCT(INPUT!$F$24:$F$38,INPUT!$G$24:$G$38),0) -> 0.15491342 | F13: 0 | G13: 19.78 | H13: 49.44 | I13: 85.7 | J13: 110 | K13: 110
A14: 10 | B14: =INPUT!$B$33 -> Manholes, gully traps & covers | C14: =INPUT!$E$33 -> NOS | D14: =INPUT!$F$33 -> 26 | E14: =IFERROR(INPUT!$F$33*INPUT!$G$33/SUMPRODUCT(INPUT!$F$24:$F$38,INPUT!$G$24:$G$38),0) -> 0.055940956 | F14: 0 | G14: 0.9 | H14: 2.25 | I14: 3.9 | J14: 5 | K14: 5
A15: 11 | B15: =INPUT!$B$34 -> WC, wash basin & urinal with fittings | C15: =INPUT!$E$34 -> NOS | D15: =INPUT!$F$34 -> 68 | E15: =IFERROR(INPUT!$F$34*INPUT!$G$34/SUMPRODUCT(INPUT!$F$24:$F$38,INPUT!$G$24:$G$38),0) -> 0.12857292 | F15: 0 | G15: 0 | H15: 0 | I15: 0 | J15: 0 | K15: 0
A16: 12 | B16: =INPUT!$B$35 -> CP fittings, taps & health faucets | C16: =INPUT!$E$35 -> NOS | D16: =INPUT!$F$35 -> 120 | E16: =IFERROR(INPUT!$F$35*INPUT!$G$35/SUMPRODUCT(INPUT!$F$24:$F$38,INPUT!$G$24:$G$38),0) -> 0.050073023 | F16: 0 | G16: 0 | H16: 0 | I16: 0 | J16: 0 | K16: 0
A17: 13 | B17: =INPUT!$B$36 -> Water cooler & drinking water stations | C17: =INPUT!$E$36 -> NOS | D17: =INPUT!$F$36 -> 8 | E17: =IFERROR(INPUT!$F$36*INPUT!$G$36/SUMPRODUCT(INPUT!$F$24:$F$38,INPUT!$G$24:$G$38),0) -> 0.043813895 | F17: 0 | G17: 0 | H17: 0 | I17: 0 | J17: 0 | K17: 0
A18: 14 | B18: =INPUT!$B$37 -> Pressure testing & flushing of lines | C18: =INPUT!$E$37 -> RM | D18: =INPUT!$F$37 -> 3200 | E18: =IFERROR(INPUT!$F$37*INPUT!$G$37/SUMPRODUCT(INPUT!$F$24:$F$38,INPUT!$G$24:$G$38),0) -> 0.039641143 | F18: 0 | G18: 0 | H18: 0 | I18: 0 | J18: 0 | K18: 0
A19: 15 | B19: =INPUT!$B$38 -> STP tie-in, trial run & commissioning | C19: =INPUT!$E$38 -> LS | D19: =INPUT!$F$38 -> 1 | E19: =IFERROR(INPUT!$F$38*INPUT!$G$38/SUMPRODUCT(INPUT!$F$24:$F$38,INPUT!$G$24:$G$38),0) -> 0.097798873 | F19: 0 | G19: 0 | H19: 0 | I19: 0 | J19: 0 | K19: 0
A20: WEIGHTED ACTUAL % ON THAT DATE | E20: =SUM(E5:E19) -> 1 | F20: =IFERROR(SUMPRODUCT($E$5:$E$19,F5:F19,1/$D$5:$D$19),0) -> 0 | G20: =IFERROR(SUMPRODUCT($E$5:$E$19,G5:G19,1/$D$5:$D$19),0) -> 0.012004955 | H20: =IFERROR(SUMPRODUCT($E$5:$E$19,H5:H19,1/$D$5:$D$19),0) -> 0.030008632 | I20: =IFERROR(SUMPRODUCT($E$5:$E$19,I5:I19,1/$D$5:$D$19),0) -> 0.052016169 | J20: =IFERROR(SUMPRODUCT($E$5:$E$19,J5:J19,1/$D$5:$D$19),0) -> 0.066745775 | K20: =IFERROR(SUMPRODUCT($E$5:$E$19,K5:K19,1/$D$5:$D$19),0) -> 0.066745775 | L20: =IFERROR(SUMPRODUCT($E$5:$E$19,L5:L19,1/$D$5:$D$19),0) -> 0 | M20: =IFERROR(SUMPRODUCT($E$5:$E$19,M5:M19,1/$D$5:$D$19),0) -> 0 | ... R20: =IFERROR(SUMPRODUCT($E$5:$E$19,R5:R19,1/$D$5:$D$19),0) -> 0
A22: FORMULA: Actual % on a date = Σ [ item weightage × ( cumulative qty on that date ÷ scope qty ) ] — the same weighted calculation the DASHBOARD does for today, only using the quantities as they stood on that earlier date.
A23: SHORTCUT: if the DPR was already issued on that date, simply type the Actual % printed on it over the green formula in INPUT section 14 — both routes give the same figure. NOTE: weightage is taken from the CURRENT rates, so if a rate is revised later, re-issued history will shift slightly; the figures on the DPRs already signed remain the record.

Sheet Guide
A1: HOW THIS FILE WORKS — PLUMBING DPR
B3: Two sheets only | C3: INPUT — you type here, top to bottom, yellow cells only. DASHBOARD — the printed DPR, 100% formulas, never typed. Guide — this page.
B4: Daily routine | C4: Open INPUT → change Report Date and Data Date → enter today's quantities, manpower, equipment, material, quality, HSE, delays, pending approvals, issues, highlights, next-day plan → open DASHBOARD → print to PDF.
B5: Adding / removing an item | C5: Insert or delete a row inside the quantity block on INPUT and the same row position on DASHBOARD; every formula uses ranges, so totals follow.
B6: Weightage % | C6: Scope Qty × Rate ÷ Σ(Scope Qty × Rate). Value weightage — always totals 100%.
B7: Planned % | C7: IF(Data Date ≥ Finish, 100%, IF(Data Date < Start, 0%, (Data Date − Start + 1) ÷ (Finish − Start + 1))) — the programme prorated to the cut-off date.
B8: Days +/− | C8: Finish − Data Date. Negative and red means the item is already past its programmed finish.
B9: Cum Qty To Date / Balance | C9: Cum upto previous + Qty today · Scope Qty − Cum to date.
B10: % Complete | C10: MIN(Cum Qty To Date ÷ Scope Qty, 1), shown with an in-cell data bar.
B11: Earned ₹ today | C11: Qty today × Rate — the value of work done in the day, totalled in the KPI strip.
B12: Package Planned / Actual % | C12: Σ(Weightage × Planned %) and Σ(Weightage × % Complete). These two totals drive the KPI strip, group summary, earned value block and S-curve.
B13: Status | C13: Not Started / Completed / On Track (actual ≥ planned) / In Progress / Delay — colour coded.
B14: Group summary | C14: SUMIFS of the weighted columns by group code ÷ that group's weightage.
... B22: Roll over to the next day | C22: Save a copy with the new date. On INPUT: move Cum Qty To Date into 'Cum qty upto prev.', move material Balance into Opening, clear Qty Today, update the cumulative man-days and man-hours.
